iteration,weighted_price_loss
0,0.68608856201171875
1,0.65896916389465332
2,0.63603734970092773
3,0.60209012031555176
4,0.59167969226837158
5,0.56303346157073975
6,0.54240787029266357
7,0.51332592964172363
8,0.49118831753730768
9,0.45928692817687988
10,0.4445806741714477
11,0.42235568165779108
12,0.42074036598205561
13,0.42154771089553827
14,0.43227478861808771
15,0.44059103727340698
16,0.45102736353874201
17,0.43791785836219788
18,0.45480537414550781
19,0.44648903608322138
20,0.42846184968948359
21,0.43220353126525879
22,0.4211348295211792
23,0.4231533408164978
24,0.4167065024375915
25,0.41559451818466181
26,0.4263995885848999
27,0.43042105436325068
28,0.42516440153121948
29,0.4342924952507019
30,0.42328804731369019
31,0.42466118931770319
32,0.42768359184265131
33,0.43414211273193359
34,0.42937767505645752
35,0.42100638151168818
36,0.42300021648406982
37,0.42456614971160889
38,0.4109481275081634
39,0.4214630126953125
40,0.42005565762519831
41,0.42882305383682251
42,0.42657589912414551
43,0.42669999599456782
44,0.42476511001586909
45,0.4223942756652832
46,0.4303896427154541
47,0.42949974536895752
48,0.4320057332515716
49,0.4156160950660705
50,0.43116530776023859
51,0.42872685194015497
52,0.41922271251678461
53,0.42729106545448298
54,0.41565638780593872
55,0.42972281575202942
56,0.41573923826217651
57,0.42343133687973022
58,0.40726041793823242
59,0.42573064565658569
60,0.42089232802391052
61,0.42527711391448969
62,0.4246335625648498
63,0.42901402711868281
64,0.41474232077598572
65,0.4254651665687561
66,0.4188473224639892
67,0.4192013144493103
68,0.42162686586379999
69,0.42514264583587641
70,0.4138012826442718
71,0.41036194562911987
72,0.41081696748733521
73,0.4212762713432312
74,0.42202585935592651
75,0.42379191517829889
76,0.4178602397441864
77,0.4085024893283844
78,0.41649952530860901
79,0.4158108234405517
80,0.4167452454566955
81,0.40934818983077997
82,0.40526789426803589
83,0.42416289448738098
84,0.42240333557128901
85,0.42142248153686518
86,0.40292826294898981
87,0.41790735721588129
88,0.40954780578613281
89,0.4033147394657135
90,0.40937322378158569
91,0.42263615131378168
92,0.40983095765113831
93,0.40634208917617798
94,0.39903748035430908
95,0.40920990705490112
96,0.40417137742042542
97,0.3996204137802124
98,0.3966571688652038
99,0.40003350377082819
100,0.38640850782394409
101,0.38240769505500788
102,0.38265791535377502
103,0.37206548452377319
104,0.36466550827026362
105,0.35603713989257812
106,0.3466717004776001
107,0.35331517457962031
108,0.33871173858642578
109,0.31559833884239191
110,0.3041804432868957
111,0.3011939525604248
112,0.29347729682922358
113,0.27124524116516108
114,0.25924327969551081
115,0.2364485412836074
116,0.24432834982872009
117,0.2357660233974456
118,0.22238022089004511
119,0.22458894550800321
120,0.21156397461891169
121,0.2111896276473999
122,0.2039085328578949
123,0.20734351873397819
124,0.21071693301200861
125,0.21457952260971069
126,0.2120384126901626
127,0.18995648622512809
128,0.20718759298324579
129,0.20207060873508451
130,0.19762912392616269
131,0.2152391374111175
132,0.21207146346569061
133,0.18793520331382749
134,0.1964446604251861
135,0.20394882559776301
136,0.19025850296020499
137,0.19036379456520081
138,0.1908637583255767
139,0.19683815538883209
140,0.18463334441184989
141,0.18261773884296409
142,0.1893673241138458
143,0.1863640695810318
144,0.18871963024139399
145,0.1847535967826843
146,0.19237673282623291
147,0.18348488211631769
148,0.1883147805929184
149,0.18479467928409571
150,0.18413659930229179
151,0.1822688430547714
152,0.18273632228374481
153,0.18545801937580109
154,0.1853417754173278
155,0.18437482416629791
156,0.18998375535011289
157,0.18844509124755859
158,0.1831491142511367
159,0.19224634766578669
160,0.1964353919029235
161,0.18495705723762509
162,0.18427568674087519
163,0.18567539751529691
164,0.1903393566608429
165,0.18594592809677121
166,0.1854360550642013
167,0.1830072999000549
168,0.1840772330760955
169,0.18586099147796631
170,0.18731653690338129
171,0.19292771816253659
172,0.18874773383140561
173,0.1884390115737915
174,0.1921201944351196
175,0.18432098627090451
176,0.1842169463634491
177,0.1897117346525192
178,0.18352484703063959
179,0.19017480313777921
180,0.18493854999542231
181,0.19084359705448151
182,0.18129554390907279
183,0.18785682320594779
184,0.1828589141368866
185,0.18096171319484711
186,0.18231002986431119
187,0.1893373429775238
188,0.18272419273853299
189,0.1806753873825073
190,0.17818459868431091
191,0.1832891553640365
192,0.1780959069728851
193,0.1868694722652435
194,0.18690094351768491
195,0.17980426549911499
196,0.18055242300033569
197,0.1827053427696228
198,0.1853383779525756
199,0.18314774334430689
200,0.1848992258310318
201,0.17830644547939301
202,0.1832219660282135
203,0.1809636652469635
204,0.1816421747207641
205,0.19021748006343839
206,0.18431153893470761
207,0.18900895118713379
208,0.1849366426467895
209,0.17979222536087031
210,0.180813267827034
211,0.1918709129095077
212,0.1813022643327713
213,0.1813389509916305
214,0.1871132999658584
215,0.19220292568206779
216,0.18505865335464469
217,0.19202852249145499
218,0.1861983239650726
219,0.1808009445667266
220,0.18867222964763641
221,0.1864023804664611
222,0.18835863471031189
223,0.18981680274009699
224,0.19079959392547599
225,0.18544036149978629
226,0.1804419606924057
227,0.1845167875289917
228,0.1887469589710235
229,0.1887630224227905
230,0.18245522677898399
231,0.18637382984161369
232,0.18629986047744751
233,0.1799359917640686
234,0.17769986391067499
235,0.1876072287559509
236,0.18065203726291651
237,0.18253612518310541
238,0.18048638105392451
239,0.18863388895988459
240,0.18432104587554929
241,0.17648923397064209
242,0.187868982553482
243,0.1831035315990448
244,0.1826368123292923
245,0.17740735411643979
246,0.18756936490535731
247,0.18366801738739011
248,0.1802704036235809
249,0.18085086345672599
250,0.18335571885108939
251,0.17570564150810239
252,0.17670884728431699
253,0.17631961405277249
254,0.18401029706001279
255,0.17782789468765259
256,0.1816610693931579
257,0.17939481139183039
258,0.1835034191608429
259,0.178760141134262
260,0.17857199907302851
261,0.17922559380531311
262,0.1804298460483551
263,0.17828945815563199
264,0.17936670780181879
265,0.18278044462203979
266,0.17601686716079709
267,0.1789172291755676
268,0.1789008677005767
269,0.17883762717247009
270,0.1840522289276123
271,0.17476266622543329
272,0.1745370626449585
273,0.17357045412063599
274,0.17874506115913391
275,0.18224418163299561
276,0.17736437916755671
277,0.1858629882335662
278,0.17847143113613129
279,0.1786781847476959
280,0.17404294013977051
281,0.18144525587558741
282,0.1826595664024353
283,0.1832466125488281
284,0.1787647008895874
285,0.18145640194416041
286,0.175724983215332
287,0.1745600998401641
288,0.1771845817565918
289,0.1753988564014434
290,0.17735904455184931
291,0.1771371066570282
292,0.17933717370033261
293,0.17535966634750361
294,0.1772859841585159
295,0.17557388544082639
296,0.17601528763771049
297,0.17259706556797019
298,0.17371711134910581
299,0.17703068256378171
300,0.17940542101860041
301,0.17080709338188171
302,0.17635588347911829
303,0.17562288045883179
304,0.1809655278921127
305,0.17605815827846519
306,0.17950242757797241
307,0.1769316494464874
308,0.18337678909301749
309,0.17602415382862091
310,0.17575056850910181
311,0.1698223799467086
312,0.17401768267154691
313,0.17582735419273371
314,0.17923162877559659
315,0.1768794953823089
316,0.1726312041282653
317,0.17208892107009879
318,0.1762928962707519
319,0.1721018701791763
320,0.17873039841651911
321,0.17804673314094541
322,0.1778981387615203
323,0.1735556423664093
324,0.17892873287200919
325,0.17354470491409299
326,0.17378510534763331
327,0.17081397771835319
328,0.1691770255565643
329,0.16984021663665769
330,0.1702395677566528
331,0.16772881150245661
332,0.17356297373771659
333,0.16965758800506589
334,0.17189726233482361
335,0.17557096481323239
336,0.17318490147590629
337,0.17680439352989191
338,0.16770216822624201
339,0.1828265637159347
340,0.16895255446434021
341,0.1687406599521637
342,0.17066472768783569
343,0.16663859784603119
344,0.17026165127754209
345,0.16557532548904419
346,0.16699767112731931
347,0.16699782013893119
348,0.1619931161403656
349,0.16937243938446039
350,0.164894700050354
351,0.16699880361557001
352,0.1673702746629715
353,0.16041393578052521
354,0.17350408434867859
355,0.1657844334840774
356,0.16218589246273041
357,0.16437575221061701
358,0.16500221192836759
359,0.16589546203613281
360,0.1654362678527832
361,0.1677976250648498
362,0.15947335958480829
363,0.16414614021778101
364,0.16040885448455811
365,0.15778273344039909
366,0.16420397162437439
367,0.15722033381462089
368,0.15743255615234369
369,0.16016003489494321
370,0.15611663460731501
371,0.1523029953241348
372,0.1540768891572952
373,0.1608746349811554
374,0.15813730657100669
375,0.151945561170578
376,0.1471086293458938
377,0.15047857165336609
378,0.153340458869934
379,0.152404174208641
380,0.15102227032184601
381,0.15600615739822379
382,0.14581280946731559
383,0.14598098397254941
384,0.15052390098571769
385,0.1381938159465789
386,0.13754667341709129
387,0.14350816607475281
388,0.14507481455802909
389,0.14981845021247861
390,0.14193351566791529
391,0.13066162168979639
392,0.13367143273353571
393,0.13102132081985471
394,0.13478267192840571
395,0.1240544468164444
396,0.12508837878704071
397,0.12489610910415649
398,0.1276316493749618
399,0.12123081833124159
400,0.1161088123917579
401,0.117708146572113
402,0.12054970860481259
403,0.1278527677059173
404,0.1152172237634658
405,0.121278278529644
406,0.1123384535312652
407,0.10626921802759171
408,0.11102518439292899
409,0.1025900691747665
410,0.12647673487663269
411,0.10240175575017919
412,0.098732948303222601
413,0.1022385358810424
414,0.082988694310188293
415,0.1165608912706375
416,0.082004770636558505
417,0.098376609385013497
418,0.081671498715877505
419,0.0792353674769401
420,0.072126865386962793
421,0.087345540523528997
422,0.081044182181358296
423,0.072117134928703294
424,0.14849770069122309
425,0.10965061187744141
426,0.1067608073353767
427,0.079603992402553503
428,0.083688236773013999
429,0.071624591946601798
430,0.079095631837844793
431,0.064323745667934404
432,0.081103496253490406
433,0.053473591804504297
434,0.064043261110782596
435,0.059914499521255403
436,0.055078871548175798
437,0.047696217894554097
438,0.049221076071262297
439,0.047355644404888098
440,0.035367172211408601
441,0.044846028089523302
442,0.039045985788106898
443,0.037531234323978403
444,0.028634482994675602
445,0.0594517402350902
446,0.0464197322726249
447,0.053673572838306399
448,0.050828475505113602
449,0.019452974200248701
450,0.031189311295747701
451,0.032838203012943198
452,0.018254023045301399
453,0.016095357015728898
454,0.022086635231971699
455,0.024298474192619299
456,0.019468825310468601
457,0.039967566728591898
458,0.044215273112058598
459,0.012000249698758099
460,0.083196505904197596
461,0.12888675928115839
462,0.061163451522588702
463,0.13853003084659571
464,0.018086766824126198
465,0.1301004737615585
466,0.022347901016473701
467,0.0941146239638328
468,0.016565004363655999
469,0.063817188143730094
470,0.062153767794370603
471,0.030705561861395801
472,0.046597633510827997
473,0.0277102440595626
474,0.046901114284992197
475,0.064075142145156805
476,0.024100288748741101
477,0.048627093434333801
478,0.026085231453180299
479,0.037518799304962103
480,0.023201085627079
481,0.0217239297926425
482,0.021804183721542299
483,0.020667122676968502
484,0.0202273912727832
485,0.025393348187208099
486,0.026736244559288001
487,0.0172875300049781
488,0.0225688330829143
489,0.027711840346455501
490,0.019718524068593899
491,0.026701573282480202
492,0.010293979197740499
493,0.0276765599846839
494,0.012158604338765099
495,0.0133105497807264
496,0.012921610847115499
497,0.0092821158468723002
498,0.0131115224212408
499,0.0089072156697510996
500,0.010462155565619399
501,0.0046093380078672998
502,0.0085590425878763008
503,0.0059873685240744998
504,0.0054583847522734997
505,0.0046923700720071003
506,0.0040005901828407998
507,0.0042545278556643997
508,0.0084170699119567004
509,0.0035822754725812998
510,0.0102590238675475
511,0.0049362983554601001
512,0.0059717511758207997
513,0.0038852998986840001
514,0.0051740705966949003
515,0.0081105828285217008
516,0.0024744095280766001
517,0.0067792576737700999
518,0.003029347397387
519,0.0086288098245859007
520,0.0079701459035277002
521,0.0012150348629801999
522,0.0026240604929624999
523,0.0026287231594323999
524,0.0048887943848966997
525,0.0024926096666603999
526,0.0036066963803023
527,0.0051004667766391997
528,0.0066614290699362
529,0.0071500344201922
530,0.0030376398935914001
531,0.0029935995116829
532,0.0031593800522387002
533,0.0032617622055112999
534,0.0019971518777309998
535,0.0024344911798833998
536,0.0038773536216466999
537,0.0027447463944553999
538,0.0101776262745261
539,0.0076206312514841001
540,0.0070295515470206
541,0.024692907929420398
542,0.0075543848797678002
543,0.0083796828985214008
544,0.0058319270610808997
545,0.010041831061244001
546,0.0078674247488378993
547,0.0082074683159589004
548,0.0073958616703748
549,0.0043091559782624002
550,0.0153148025274276
551,0.0035055049229413002
552,0.0055842157453297996
553,0.0014306850498542001
554,0.0087255984544753994
555,0.0050321263261139003
556,0.0027744809631258002
557,0.0024826477747409998
558,0.0029536415822802998
559,0.0040376819670200001
560,0.0025704209692775999
561,0.0030158990994095
562,0.0027677565813063998
563,0.0011668649967759
564,0.0046750074252486003
565,0.0037810325156896999
566,0.0037429388612508002
567,0.0036435376387089001
568,0.0032408647239208
569,0.0130809787660837
570,0.0035346918739378001
571,0.0068278647959232001
572,0.0026613145601004002
573,0.0080484114587306005
574,0.0032764091156423001
575,0.0077319731935857998
576,0.0019976473413407
577,0.0114902621135115
578,0.0034941502381116
579,0.014746296219527701
580,0.0125670973211526
581,0.0052467426285146999
582,0.0072878296487033003
583,0.0028614301700145002
584,0.0030610768590122002
585,0.0024667680263519001
586,0.0024078912101686001
587,0.0030623245984315
588,0.0051571675576269002
589,0.0057552126236259001
590,0.0013095281319692
591,0.0066549470648168997
592,0.0027977114077657001
593,0.0028524016961454998
594,0.0026254954282193999
595,0.0029477167408913001
596,0.00089159037452189998
597,0.0036265230737626002
598,0.0026325713843106998
599,0.0016950096469371999
600,0.0023188749328254999
601,0.0028152521699666001
602,0.0033008530735969001
603,0.0019264509901403999
604,0.0053371461108326001
605,0.0021519982255995
606,0.0054936986416577998
607,0.0044018495827912998
608,0.0054529337212442996
609,0.0016048650722950001
610,0.0037889019586145002
611,0.0032861386425793002
612,0.0030946119222789998
613,0.0015013101510703
614,0.0017188463825731999
615,0.0034347786568105
616,0.00089111574925479996
617,0.0023733580019325001
618,0.0042772092856465998
619,0.0030305054970085001
620,0.0123218623921275
621,0.0019895774312316998
622,0.0067731766030192002
623,0.0007947237463667
624,0.0059438301250337999
625,0.0011106382589787
626,0.0084495143964886006
627,0.0032821386121212998
628,0.0045408527366816998
629,0.0043606120161711996
630,0.0026388394180685
631,0.0037054209969936999
632,0.0015259286155923999
633,0.0029801977798341998
634,0.0028710912447422001
635,0.0096779558807610997
636,0.0043632360175250998
637,0.0086252260953187006
638,0.0066826092079281
639,0.0041091861203311998
640,0.0101779783144593
641,0.0037615566980093002
642,0.0080260951071977008
643,0.0015402482822536999
644,0.0038858321495354002
645,0.0048695569857953999
646,0.0015936135314404
647,0.0019798784051090002
648,0.0012274814071133
649,0.0024761075619607999
650,0.0033554802648723
651,0.00091495807282620004
652,0.00092870794469489997
653,0.0029578641988337001
654,0.0027331137098370998
655,0.0017262963810935001
656,0.0032240296714007
657,0.001655850559473
658,0.0018894912209361
659,0.0029480098746716
660,0.00086970877600830001
661,0.0042895707301794997
662,0.0020770388655364002
663,0.0088210832327603999
664,0.0032734624110161998
665,0.017071494832634902
666,0.0010155794443562
667,0.0135620031505823
668,0.0020218398422001999
669,0.0130048878490924
670,0.0035519776865839
671,0.0122027145698666
672,0.0065889172255991996
673,0.0056471722200512001
674,0.0049974438734351999
675,0.0029464419931172999
676,0.0021794529166072
677,0.0041168825700879002
678,0.0018090705852955001
679,0.0013833694392815
680,0.0033960589207707999
681,0.001865095924586
682,0.0019219368696212001
683,0.0025632774922996
684,0.0032508657313883001
685,0.0012276854831724999
686,0.0017520000692456
687,0.00085848203161729996
688,0.0027883625589311001
689,0.0044302996248005997
690,0.0047872047871350999
691,0.0037262144032864999
692,0.0059421970508992004
693,0.0068158656358717996
694,0.0063153300434349996
695,0.0025910530239343001
696,0.0035377917811273999
697,0.0015354682691395001
698,0.0030547278001904002
699,0.0013402788899838001
700,0.0027189343236386
701,0.0047830021940170999
702,0.0042229746468365002
703,0.0035345018841325998
704,0.0057222479954360996
705,0.0036295582540333002
706,0.0078511144965887
707,0.0031504812650381998
708,0.0016359142027795
709,0.0032440882641822
710,0.0022579778451472
711,0.0022342577576636999
712,0.00084420008352020001
713,0.0024757948704062999
714,0.0049455873668193002
715,0.0085980352014302999
716,0.0024509667418897
717,0.003717347048223
718,0.0035251188091932999
719,0.0042294431477784998
720,0.0027204919606446999
721,0.0072020245715974998
722,0.0021486412733792998
723,0.0026419451460241998
724,0.0041994610801339002
725,0.00051334453746670005
726,0.0026182625442743002
727,0.0034519257023929999
728,0.0040091304108500004
729,0.0027537846472113999
730,0.0043782545253634002
731,0.0052940463647245996
732,0.0007624253630638
733,0.0026503698900340999
734,0.0015600093174724999
735,0.0069433003664016004
736,0.0018167536472900999
737,0.0023045921698211999
738,0.0006848868215456
739,0.0017587272450326999
740,0.0015128357335925
741,0.0034784597810356998
742,0.0022691669873893001
743,0.00085377332288770003
744,0.0011653585825115
745,0.0014059543609619
746,0.0015975760761648
747,0.00083235220517960005
748,0.0014958539977669
749,0.0014731364790349999
750,0.0012807712191715
751,0.00076525931945069996
752,0.00053445517551149995
753,0.00096003082580859995
754,0.00083199125947430003
755,0.0057390648871659998
756,0.0010572145693003999
757,0.0042101843282580003
758,0.0019470127299427
759,0.0018439483828842
760,0.0024697410408406999
761,0.00073959055589509996
762,0.0020409596618263998
763,0.0018156541045755
764,0.00085799786029379995
765,0.0015468811616301001
766,0.0012637983309105
767,0.0008015299681574
768,0.0012746379943564001
769,0.0010157858487218
770,0.0009366578888148
771,0.0036096237599848998
772,0.0029518408700822999
773,0.001455876044929
774,0.0012735910713672
775,0.00076811126200480005
776,0.0024223446380347
777,0.0041176946833728998
778,0.0011144632007926
779,0.0065874555148183996
780,0.00081970903556790003
781,0.0051823491230606998
782,0.0018678884953260001
783,0.0019929721020162001
784,0.0022397595457732001
785,0.0028594885952769999
786,0.0015469775535165999
787,0.0094185387715696994
788,0.0068124462850390997
789,0.0035949316807091002
790,0.0070939315482974
791,0.0042196931317448
792,0.0100587140768766
793,0.0038802016060799
794,0.0096825808286666003
795,0.0063137277029453997
796,0.010457694530487
797,0.0017313719727098001
798,0.0087443701922893004
799,0.0032450770959258001
800,0.021948287263512601
801,0.00075544882565730005
802,0.015811357647180498
803,0.0011459954548626999
804,0.0105818938463926
805,0.0019794339314103001
806,0.0140706244856119
807,0.0012328246375545001
808,0.013031926937401199
809,0.0035805930383502999
810,0.018412962555885301
811,0.00079306238330899997
812,0.0140675716102123
813,0.0015993635170161
814,0.010079052299260999
815,0.0022576616611330999
816,0.0047346996143459996
817,0.0048807896673678996
818,0.002232541097328
819,0.0048509645275771002
820,0.0035183774307369999
821,0.0024963226169347
822,0.0018238648772239
823,0.0013417364098131
824,0.0011659128358587
825,0.00160791084636
826,0.0022185931447892999
827,0.0011598089477046999
828,0.0033892630599439001
829,0.00086573057342319998
830,0.0022099777124822001
831,0.0010838417802006
832,0.0016149204457178001
833,0.0020447485148906001
834,0.0049742129631340001
835,0.0071803997270762001
836,0.0023589748889206999
837,0.0050311153754590996
838,0.0092146070674060995
839,0.013542169705033301
840,0.0057418216019868001
841,0.010048866271972601
842,0.0079322047531604004
843,0.0079865166917442998
844,0.0053339800797402
845,0.0054304841905831996
846,0.0039479816332458999
847,0.00039197556907309998
848,0.010368694551289
849,0.00086581119103349997
850,0.014565501362085301
851,0.0012439349666237001
852,0.0052325688302516001
853,0.0011209999211131999
854,0.0062511912547050996
855,0.0025979389902204002
856,0.0082049388438463003
857,0.0013399310410022001
858,0.0034133293665945001
859,0.00043506332440299998
860,0.0011471831239759
861,0.0018230765126644999
862,0.0020474558696149999
863,0.0020086616277694
864,0.0062711630016565002
865,0.00063920964021230002
866,0.0059068538248538
867,0.00033555435948069999
868,0.0063618193380533998
869,0.0009848859626799
870,0.0087133450433611002
871,0.0033937238622456
872,0.0054365647956727998
873,0.0021401387639343001
874,0.0033499277196824
875,0.0021912558004259998
876,0.0047194883227347998
877,0.0017722395714372
878,0.0058375126682220996
879,0.00048923469148570004
880,0.003677173750475
881,0.0028694099746643998
882,0.00083762424765150003
883,0.001934795291163
884,0.0010217565577477
885,0.0016625463031231999
886,0.0025238338857889002
887,0.00085507158655670002
888,0.004056129604578
889,0.0032850499264895001
890,0.0142332129180431
891,0.00037248592707319998
892,0.0064998129382729001
893,0.00048722286010160001
894,0.0057119019329546997
895,0.0026018656790256002
896,0.0032822540961205001
897,0.0036782501265406001
898,0.0051388815045355996
899,0.0030135486740617999
900,0.0030160271562635001
901,0.0044625354930757999
902,0.0031926182564346998
903,0.0078467801213263997
904,0.0023494409397243998
905,0.0055052135139702996
906,0.00048473227070639998
907,0.0060424446128308001
908,0.00057505397126069997
909,0.0031709733884781001
910,0.0026935350615530998
911,0.0030866838060318999
912,0.00077340035932129997
913,0.001085992436856
914,0.00032000878127289999
915,0.0012652252335101
916,0.0014466949505730999
917,0.00016650120960540001
918,0.0019336955156177
919,0.0003225994878448
920,0.0019008518429472999
921,0.0010138936340808001
922,0.00063820643117649999
923,0.0025019929744303001
924,0.0015694522298872
925,0.00092031771782780005
926,0.0015746264252811
927,0.00068664288846770002
928,0.0010205744765697999
929,0.0012130339164286
930,0.0010944718960671999
931,0.00129232078325
932,0.00073746801353990002
933,0.0026907757855951001
934,0.0021615079604089
935,0.0071439910680055002
936,0.0031891865655779002
937,0.0155403744429349
938,0.0015046338085085
939,0.021630141884088499
940,0.0020456605125218001
941,0.011003956198692299
942,0.0048015001229941004
943,0.014538228511810299
944,0.0039821267127990003
945,0.0059266304597258004
946,0.0058064768090843998
947,0.0018897207919508
948,0.0064212856814265
949,0.0035763168707489
950,0.0044472413137555001
951,0.0023613916710018999
952,0.0039846072904764999
953,0.0026665418408811001
954,0.0044525107368825999
955,0.0052017169073223998
956,0.0089141596108675003
957,0.0146215613931417
958,0.0082411905750632009
959,0.018878648057579901
960,0.0065402197651564997
961,0.016801308840513202
962,0.0062840380705892996
963,0.010915578342974099
964,0.0018814424984157001
965,0.0090636704117058996
966,0.0025515710003674
967,0.0032642935402691
968,0.0020404055248945002
969,0.0038934941403567002
970,0.0036116451956331001
971,0.0022342782467602998
972,0.0045353840105235004
973,0.0044872388243674998
974,0.0026703171897678999
975,0.0077573666349053001
976,0.00104167801328
977,0.0027648769319057001
978,0.0016103389207273
979,0.0013858596794307
980,8.6430314695462584e-05
981,0.0087392851710318999
982,0.0027906890027225
983,0.0044324165210126998
984,0.0070108161307871003
985,0.0011734839063137
986,0.0038061065133661001
987,0.0020063340198248
988,0.0014350195415317999
989,0.002328731585294
990,0.00050882215145969995
991,0.00066511787008489997
992,0.0018623585347086
993,0.0014176403637974999
994,0.0017963532591238
995,0.00087008735863489995
996,0.0021182098425924002
997,0.0012107160873711001
998,0.0011257897131145
999,0.0028666488360612999
1000,0.00070114783011369995
1001,0.0013026624219492
1002,0.0031044380739330998
1003,0.0032480575609951999
1004,0.0029767714440821999
1005,0.0052751568146048996
1006,0.0032335119321942
1007,0.0077454103156923996
1008,0.0023754425346851002
1009,0.0083352793008088996
1010,0.00068701617419710003
1011,0.0054999543353914998
1012,0.0011028532171620999
1013,0.0034796870313583998
1014,0.0018898430280387
1015,0.0019068119581788
1016,0.0092222075909376006
1017,0.0027969290968030002
1018,0.0076085240580140998
1019,0.0015080887824295999
1020,0.0089437849819659996
1021,0.0014062987174838001
1022,0.0058455979451537002
1023,0.0033205624204128001
1024,0.0099155940115450997
1025,0.0036383080296218001
1026,0.0030420133844016998
1027,0.0080402893945573997
1028,0.0070068775676190003
1029,0.0030454695224761
1030,0.0018957844004034001
1031,0.0030216490849851998
1032,0.0017249591182917001
1033,0.0014596511609852
1034,0.0012543710181488999
1035,0.0014272241387516
1036,0.0013581819366663
1037,0.0044241733849047999
1038,0.0019164358964189
1039,0.0012707273708656001
1040,0.00098048720974470006
1041,0.0021617414895445
1042,0.0020471895113587002
1043,0.001275167800486
1044,0.0040654558688402002
1045,0.00072605675086369998
1046,0.0018685860559343999
1047,0.00055735727073620003
1048,0.0030822821427136
1049,0.0012551937252283001
1050,0.00090506911510600003
1051,0.0046626785770057999
1052,0.00052094511920580005
1053,0.0030482099391520002
1054,0.00024982454488049998
1055,0.0011559560662135
1056,0.0011901308316736999
1057,0.00066486385185270005
1058,0.0012428601039572999
1059,0.00099036248866459994
1060,0.00065442721825089995
1061,0.0017703945050016
1062,0.00014324954827310001
1063,0.0011563770240172
1064,0.00077906175283710001
1065,0.00083525956142689996
1066,0.0022450811229646002
1067,0.00069697177968909996
1068,0.0025947350077331001
1069,0.0003227870329283
1070,0.0013286103494465
1071,0.00077216944191599995
1072,0.0028149383142589998
1073,0.0015600156038999
1074,0.0035124702844767999
1075,0.0010420272592454999
1076,0.0014350248966366001
1077,0.0036410377360880002
1078,0.0036501884460449002
1079,0.0029021112713962
1080,0.0046206512488423997
1081,0.0004543905961327
1082,0.00070846534799779998
1083,0.0016668391181156
1084,0.0012040045112371
1085,0.0018789127934723999
1086,0.0034598261117934999
1087,0.0011099537368862999
1088,0.010078456252813299
1089,0.0031303367577493
1090,0.0073980428278445998
1091,0.00077841419260939995
1092,0.0091850189492106004
1093,0.0025737760588526002
1094,0.0027844961732624999
1095,0.00049279822269450001
1096,0.0064057046547532004
1097,0.00067172182025380001
1098,0.0032745534554122998
1099,0.00048294031876130002
1100,0.0039581153541802996
1101,0.00039921529241829999
1102,0.0028217949438839999
1103,0.0013092642184345999
1104,0.010243969038128801
1105,0.0057323668152093003
1106,0.0023883183021097998
1107,0.0016885786317288
1108,0.00093884370289739998
1109,0.0061605712398886004
1110,0.0052566831000148998
1111,0.0023356112651526
1112,0.0020306091755628
1113,0.0036461954005061999
1114,0.0018258816562592001
1115,0.0046486700884997003
1116,0.0029268071521072999
1117,0.0016410399693995001
1118,0.0011771980207412999
1119,0.0028564468957483001
1120,0.0012011516373604
1121,0.0029718955047428001
1122,0.0031781201250850998
1123,0.00029276320128700001
1124,0.00072043028194449996
1125,0.00060639850562429999
1126,0.00082716805627560004
1127,0.0011396839981898
1128,0.0010037785395979001
1129,0.001203651772812
1130,0.00098468875512479999
1131,0.0016566768754273
1132,0.00087092898320399997
1133,0.0010913887526839
1134,0.0011705573415383
1135,0.00062816793797529997
1136,0.0021210692357270999
1137,0.00023820194473949999
1138,0.0010343776084482
1139,0.00062088551931080004
1140,0.00021261491929180001
1141,0.0008737059542909
1142,0.0013810957316308999
1143,0.0012264160905033001
1144,0.0024079903960226999
1145,0.0023345439694821002
1146,0.0010191653855144
1147,0.0010421089828014001
1148,0.0036483334843068998
1149,0.00074080284684889996
1150,0.0055196825414896003
1151,0.0020265958737581001
1152,0.00099786173086609991
1153,0.0040549971163271999
1154,0.00047019895282570003
1155,0.0069083198904991002
1156,0.00055982870981090001
1157,0.0042898366227746001
1158,0.0023131072521209001
1159,0.00066096533555530003
1160,0.0017609423957765
1161,0.0014179949648677999
1162,0.00062239798717199997
1163,0.0019562775269150001
1164,0.0014249901287256999
1165,0.0031365193426609
1166,0.0012756877113133001
1167,0.0014784761006011999
1168,0.0016173426993190999
1169,0.001675660838373
1170,0.0013755791587754999
1171,0.0014610067009925001
1172,0.0031293868087232
1173,0.0011761435307562
1174,0.0013242191635071999
1175,0.00061250210274009997
1176,0.00097605888731770003
1177,0.0018062284216283999
1178,0.0022982931695877998
1179,0.0032155930530278999
1180,0.00070616637822239995
1181,0.00091860780958079996
1182,0.0015930305235087
1183,0.0031212242320178998
1184,0.00055382639402520005
1185,0.0015838097315281001
1186,0.001114651095122
1187,0.0023530789185315002
1188,0.0039551444351672996
1189,0.0023081647232174002
1190,0.0026961071416734999
1191,0.0037799072451888999
1192,0.0046300780959427001
1193,0.00088378263171760005
1194,0.0014630057848989001
1195,0.0038237357512115999
1196,0.0064497059211134
1197,0.0024765362031756999
1198,0.011411972343921601
1199,0.0016875122673808999
1200,0.0080855879932640994
1201,0.0017222362803295001
1202,0.0072841346263885004
1203,0.00017995934467760001
1204,0.0088818725198506997
1205,0.0010247139725833999
1206,0.0175131503492593
1207,0.0092852655798195995
1208,0.0068124653771519002
1209,0.0073076877743004998
1210,0.0016773046227172
1211,0.0040295813232659999
1212,0.0044936831109225004
1213,0.0037529473192988998
1214,0.0090799387544393002
1215,0.0058609694242477001
1216,0.015592070296406701
1217,0.0033954842947422998
1218,0.0089789237827062
1219,0.0030913769733160001
1220,0.0127292703837156
1221,0.0017214366234838
1222,0.0092046046629548003
1223,0.0027599306777118999
1224,0.0024148435331880999
1225,0.0027150968089698999
1226,0.0058304541744291002
1227,0.0012797527015209001
1228,0.0110502056777477
1229,0.0016725808382034
1230,0.0165156461298465
1231,0.0010099669452755999
1232,0.0149049423635005
1233,0.0069108083844183999
1234,0.017471034079790101
1235,0.0060167489573359004
1236,0.0132968854159116
1237,0.0092916348949073999
1238,0.0083517357707022996
1239,0.0054212412796913996
1240,0.0071659442037342999
1241,0.0030750529840588002
1242,0.0017972087953239001
1243,0.0029578185640275001
1244,0.0015600792830809001
1245,0.0025383192114531001
1246,0.0009395612869411
1247,0.0028586690314113998
1248,0.00064540101448070004
1249,0.0020179599523543999
1250,0.0027339966036378999
1251,0.00055485719349230005
1252,0.0028231199830769998
1253,0.0029973792843519999
1254,0.0024553572293369999
1255,0.0021076456177979001
1256,0.0060886675491929002
1257,0.00055966409854590004
1258,0.0068155741319059996
1259,0.0015973004046827
1260,0.0024846214801073001
1261,0.0008762622601352
1262,0.0038858340121805
1263,0.0063125365413725003
1264,0.0100195575505495
1265,0.0088017694652079998
1266,0.0064296848140656003
1267,0.0111724669113755
1268,0.0090124160051344993
1269,0.0080582089722156004
1270,0.0022740392014384001
1271,0.0082069244235753996
1272,0.0014428425347432
1273,0.0090290065854786994
1274,0.00063495896756639997
1275,0.0030293515883386001
1276,0.0025410533417015999
1277,0.001168749644421
1278,0.0025931580457835999
1279,0.00035820686025539997
1280,0.00048380211228500001
1281,0.0024679824709892
1282,0.0019449269166216001
1283,0.0035715403500943999
1284,0.0024983547627925001
1285,0.0027923712041229001
1286,0.0021076989360152999
1287,0.0013823204208165
1288,0.00056806497741489995
1289,0.0034738220274448
1290,0.0010009265970438001
1291,0.0015939867589622001
1292,0.00094467739108940001
1293,0.00055318692466240003
1294,0.0025256124790757001
1295,0.00052380969282230004
1296,0.0055830730125308002
1297,0.00064631714485579997
1298,0.0013127084821462
1299,0.0018855056259781001
1300,0.001438895240426
1301,0.0018414249643683
1302,0.00015508181240869999
1303,0.0040040574967861002
1304,0.0018765266286209
1305,0.0030129915103315999
1306,0.001613444648683
1307,0.0024028122425078999
1308,0.0018357594963163001
1309,0.0013324255123733999
1310,0.0042790174484252002
1311,0.0012104010675102
1312,0.0041649695485830003
1313,0.0012084644986316
1314,0.0089426282793282994
1315,0.00057030154857779999
1316,0.0041689705103634999
1317,0.0019659623503684
1318,0.0014953711070120001
1319,0.0063476520590484004
1320,0.0022116668988018998
1321,0.0035754414275288001
1322,0.0025188997387886
1323,0.0081614488735795004
1324,0.0047130109742282997
1325,0.0060829138383268998
1326,0.0064163184724747996
1327,0.0058546373620628998
1328,0.0059636682271956998
1329,0.0016090684803202
1330,0.0048157898709176999
1331,0.00086004688637330001
1332,0.0096214534714818001
1333,0.00078084738925090005
1334,0.0049974415451287998
1335,0.001104025170207
1336,0.0047667114995418999
1337,0.00080761837307359997
1338,0.00098374695517119992
1339,0.0078413477167487006
1340,0.0012707918649539
1341,0.0070205489173531003
1342,0.00050429819384580001
1343,0.0073227216489613004
1344,0.0006516390130855
1345,0.0028481516055762
1346,0.0013944355305283999
1347,0.0044364165514707002
1348,0.0011344120139256
1349,0.003413634840399
1350,0.0003198512713424
1351,0.0054287491366266996
1352,0.0011999486014246
1353,0.0012723803520201999
1354,0.0003622725489549
1355,0.001209347276017
1356,0.0015725581906734999
1357,0.0017765401862561
1358,0.00020437392231539999
1359,0.0001989394513657
1360,0.0010322445305064
1361,0.000575061305426
1362,0.0016659558750688999
1363,0.0014289661776274
1364,0.00096445030067110005
1365,0.0017993790097533999
1366,0.0014000965747981999
1367,0.00096995459171009995
1368,0.0018806535517796
1369,0.0033936551772058001
1370,0.0022831936366855998
1371,0.0007708387565799
1372,0.0042168255895375997
1373,0.0015836127568035999
1374,0.0022372954990713999
1375,0.0001043927040882
1376,0.0029165358282624999
1377,0.0026762876659631001
1378,0.0023137647658585999
1379,0.0081722736358642006
1380,0.0016063409857451001
1381,0.013215836137533099
1382,0.00056226644665000004
1383,0.023539643734693499
1384,0.0026050589513033
1385,0.020705193281173699
1386,0.0042398418299853004
1387,0.0096626374870538
1388,0.0073511339724062997
1389,0.0029909575823693999
1390,0.0082626696676015004
1391,0.00075044156983489999
1392,0.0051880674436687998
1393,0.0047115841880440001
1394,0.0074568130075931003
1395,0.002478590235114
1396,0.0036732633598147999
1397,0.0014082917477935
1398,0.0023695814888924
1399,0.0024294084869325001
1400,0.0055694105103611001
1401,0.0014727484667673
1402,0.0019117041956633
1403,0.0010477909818291001
1404,0.0012431205250321999
1405,0.00079772376921019995
1406,0.0001761760795488
1407,0.0004490287974476
1408,0.00089688762091099999
1409,0.0021824152208863999
1410,0.0010936859762296
1411,0.0019413076806812999
1412,0.0011879490921272999
1413,0.0019682934507726998
1414,0.00079342210665339999
1415,0.00073533563408999995
1416,0.00164094788488
1417,0.00087652716319999995
1418,0.0015223738737404
1419,0.0031231013126671002
1420,0.0020035153720526998
1421,0.0014155193930491001
1422,0.0029292805120347998
1423,0.0060930866748094004
1424,0.00078474130714309995
1425,0.0079940445721148994
1426,0.0043211192823945999
1427,0.0057000471279025
1428,0.0024357927031815
1429,0.0059574842453002002
1430,0.00097219779854639996
1431,0.0035385508090256998
1432,0.0032510897144674999
1433,0.0010672056814655
1434,0.00080641556996850002
1435,0.0037549540866166002
1436,0.0014885704731568
1437,0.00042665353976189998
1438,0.0026913331821560001
1439,0.0022826478816568001
1440,0.0043726852163671996
1441,0.0013945306418463
1442,0.0046195555478334002
1443,0.00045590178342529999
1444,0.0032962248660624001
1445,0.0035454453900455999
1446,0.0046349074691533999
1447,0.00021709941211150001
1448,0.0029032588936387998
1449,0.0020984681323169998
1450,0.0035069889854639001
1451,0.0014346467796713001
1452,0.00072367850225410002
1453,0.0021175500005482998
1454,0.00098695931956169995
1455,0.0022249533794820001
1456,0.00076791434548789997
1457,0.0025645210407674
1458,0.0018826765008270001
1459,0.0020460635423660001
1460,0.0030675884336233
1461,0.0020071216858923002
1462,0.0005681575275957
1463,0.0049607469700276002
1464,0.00091945898020640005
1465,0.0055739483796059999
1466,0.00042544497409829999
1467,0.00088689324911680003
1468,0.0029099895618854999
1469,0.00046600779751309999
1470,0.0045488178730009998
1471,0.0010433249408379
1472,0.0093228518962860003
1473,0.0014219619333743999
1474,0.0034787324257193998
1475,0.0024335961788892
1476,0.0033964505419134998
1477,0.0014516346855088999
1478,0.00037054551648900002
1479,0.0012253583408892001
1480,0.0016835504211485
1481,0.0004374509153421
1482,0.0028197295032441
1483,0.0022199586965143
1484,0.00092384661547830003
1485,0.0013828689698128999
1486,0.0013587810099124
1487,0.001140410779044
1488,0.00095665978733450001
1489,0.00035372571437609999
1490,0.0024932676460593002
1491,0.0019088706467300001
1492,0.0035722935572266002
1493,0.0010080692591144999
1494,0.0059941988438367002
1495,0.0010751094669103
1496,0.0125952437520027
1497,0.0010858299210667001
1498,0.0049590747803448998
1499,0.0010348377982154001
1500,0.00082268507685509995
1501,0.0024807334411888998
1502,0.00064198672771449998
1503,0.0024099242873488998
1504,0.0012294532498344001
1505,0.0047135795466600999
1506,0.0021848732139914998
1507,0.0082783382385969006
1508,0.00050366541836410002
1509,0.0041769994422792998
1510,0.0022095507010816999
1511,0.0077392957173287001
1512,0.0009796455269679
1513,0.0053333127871155002
1514,0.0015222448855638001
1515,0.0032684637699276001
1516,0.0034287853632122001
1517,0.0066365106031298004
1518,0.001465675770305
1519,0.0013814446283504
1520,0.0037422780878841001
1521,0.00043512889533300003
1522,0.0057456754148005997
1523,0.00077922182390460001
1524,0.0048675835132598001
1525,0.0010353410616517
1526,0.0028663869015872001
1527,0.0011801151558756
1528,0.0019756245892494002
1529,0.0011991255450993
1530,0.00038762181065970001
1531,0.0010948698036372
1532,0.0022346032783389
1533,0.00037151103606439999
1534,0.0010987750720232001
1535,0.00070913694798939995
1536,0.0014898283407091999
1537,0.00023123685969029999
1538,0.0013127950951457
1539,0.0010487916879355001
1540,0.00030933876405469997
1541,0.0013895649462938001
1542,0.0012691128067671999
1543,0.0002234001585748
1544,0.0014757326571269999
1545,0.00062982027884570001
1546,0.00014676971477449999
1547,0.00018144688510800001
1548,0.00077550421701740003
1549,0.00052320677787059998
1550,0.00064874009694900002
1551,0.0012107195798307
1552,0.0011744073126465
1553,0.00031434133416040003
1554,0.00026116473600259999
1555,0.0020493627525866001
1556,0.00030740417423650001
1557,0.0027878298424184001
1558,0.00094418448861679995
1559,0.0024747352581471001
1560,0.0014930618926882
1561,0.0022734676022081999
1562,0.0024857064709067002
1563,0.0020871390588580998
1564,0.0017286902293562
1565,0.0011268946109339001
1566,0.00068449642276389999
1567,0.00072343024658029997
1568,0.0030457428656518
1569,0.0005250959657132
1570,0.0051136692054569001
1571,0.0019058503676205
1572,0.0032942441757767998
1573,0.0013903689105063
1574,0.0043645957484841
1575,0.00027273173327550001
1576,0.0062654302455484
1577,0.0014786671381443
1578,0.0070200948975980004
1579,0.0018924176692962
1580,0.0050773760303853997
1581,0.001923925243318
1582,0.0036934101954102
1583,0.001943947514519
1584,0.0021454920060931999
1585,0.0065066833049058003
1586,0.0039122337475419001
1587,0.0041766362264751998
1588,0.00055276282364500001
1589,0.0037411549128592001
1590,0.00083765888120969996
1591,0.0060209478251636002
1592,0.00043804175220419999
1593,0.0037718324456363001
1594,0.00042005360592150002
1595,0.0035088553559035002
1596,0.00020408121054060001
1597,0.0010645231232047001
1598,0.00050591607578090003
1599,0.00015604837972200001
1600,0.0015118371229618001
1601,0.00046578590990970002
1602,0.0020205685868859001
1603,0.00026712261023930002
1604,0.00069723429623990004
1605,0.00032759353052819998
1606,0.0011542142601683001
1607,0.0006068278453312
1608,0.0013262338470667
1609,0.0012055918341502001
1610,0.00097243249183520003
1611,0.00065195019124070002
1612,0.00028844457119700002
1613,0.0010858909226953001
1614,0.00071302743162950002
1615,0.0018606060184538
1616,0.00066618109121910005
1617,0.0018939498113468001
1618,0.00063856167253100002
1619,0.0016921986825763999
1620,0.00066808704286809995
1621,0.0040907962247728998
1622,0.00049668573774390001
1623,0.0017518920358269999
1624,0.001085624564439
1625,0.00093531969469040003
1626,0.00037095276638860001
1627,0.0010389605304226
1628,0.0014081667177378999
1629,0.0016436162404716
1630,0.0030270148999988998
1631,0.00033375225029880001
1632,0.00072331831324840001
1633,0.00087432307191190003
1634,0.00076948117930440002
1635,0.00067221134668210005
1636,0.0022251154296100001
1637,0.00036410649772730002
1638,0.0014978202525525999
1639,0.00039770558942100001
1640,0.0044899689964949998
1641,0.00093823263887310004
1642,0.0036061150021851002
1643,0.0013621679972857001
1644,0.0018932910170405999
1645,0.00029476900817819999
1646,0.0023738374002277001
1647,0.00088360672816630004
1648,0.0019052778370678
1649,0.0011648009531199
1650,0.00031850615050640002
1651,0.00060500716790550001
1652,0.00068020680919280005
1653,0.00052808440523219996
1654,0.00090301258023819996
1655,0.00044951002928419998
1656,0.00048896530643099999
1657,0.00090381118934599995
1658,0.00088086229516189996
1659,0.00060664466582230001
1660,0.0013385970378293999
1661,0.00033938378328449999
1662,0.0018593040294944999
1663,0.0024467296898364999
1664,0.00015038160199760001
1665,0.00071872287662689996
1666,0.00057549856137479997
1667,0.00072634604293849998
1668,0.001404877519235
1669,0.0038531669415533001
1670,0.00050555990310380001
1671,0.0020405915565788
1672,0.0025673396885394998
1673,0.0049408664926886003
1674,0.0032080672681331001
1675,0.0088368477299809005
1676,0.0015998787712304999
1677,0.0059691835194825996
1678,0.0022342270240186999
1679,0.0012412039795889999
1680,0.003395722946152
1681,0.00055557803716510003
1682,0.0044825132936239
1683,0.0029251887463033
1684,0.0055431635119020002
1685,0.0021867118775844002
1686,0.0039000934921205
1687,0.0064464700408279002
1688,0.0088906353339551995
1689,0.0018215016461908
1690,0.0048589962534605997
1691,0.0014580560382455
1692,0.0015678422059862999
1693,0.0037250588648021
1694,0.00071452412521459999
1695,0.0048761367797850999
1696,0.00076817919034510005
1697,0.0038264626637101
1698,0.0013520754873752
1699,0.0067631318233906997
1700,0.00088130612857629999
1701,0.0024913924280554
1702,0.00086701760301359997
1703,0.0014669543597847
1704,0.00055722688557580005
1705,0.0041975369676947004
1706,0.0016413701232522
1707,0.0028862655162811002
1708,0.0016616283683106
1709,0.00055785855511200004
1710,0.00028048665262749999
1711,0.00072543241549280003
1712,0.00066921534016719999
1713,0.00026616419199849999
1714,0.0005623775650747
1715,0.00027257678448220003
1716,0.0026935008354485
1717,0.0029860723298043
1718,0.00072076672222459997
1719,0.00075384264346210002
1720,0.0013401570031419
1721,0.00034382782177989999
1722,0.0002358185884077
1723,0.0002583923051133
1724,0.0007700347341597
1725,0.00048693621647539998
1726,0.00021633153664870001
1727,0.00050831906264640003
1728,0.00043362719588909999
1729,0.00025172496680169999
1730,0.0015670906286686
1731,0.00033233864814969998
1732,0.0012072750832885001
1733,0.00050514878239479996
1734,9.2577523901127279e-05
1735,0.00045514042722060002
1736,0.00094970944337539995
1737,0.00028880644822490003
1738,0.0014400975778698
1739,0.00034030826645899999
1740,0.0019128812709822999
1741,0.00021916990226599999
1742,0.000191687780898
1743,0.00048351252917200002
1744,0.0013779622968286
1745,0.0017198913265019
1746,0.0007321481243707
1747,0.0014278441667555999
1748,0.0015462187584489001
1749,0.0031763114966452
1750,0.00062937388429409999
1751,0.0016233924543485
1752,0.00092760822735720003
1753,0.0011766350362449
1754,0.0002420459204586
1755,0.0006495632696896
1756,0.00047555982018819998
1757,0.00020507696899579999
1758,0.0015064650215207999
1759,0.00062958576017990004
1760,0.00083567935507739997
1761,0.00029150006594129998
1762,0.0011927564628422
1763,0.00032270111842080002
1764,0.00050121312960980003
1765,0.00096987001597880005
1766,0.00032874697353690001
1767,0.0012199329212307
1768,0.0018925513140857001
1769,0.0010847651865333
1770,0.00061242334777480002
1771,0.0024953759275375999
1772,0.00045278592733660002
1773,0.0025352553930133
1774,0.0010587917640804999
1775,0.0012442538281902001
1776,0.00087035750038920001
1777,0.00087918504141269998
1778,0.0004439461044967
1779,0.0019968112464994001
1780,0.00056546862469979999
1781,0.0017076905351132001
1782,0.0011989867780357001
1783,0.00049339391989630004
1784,0.00034854386467480001
1785,0.0017612718511372
1786,0.00057392247254020004
1787,0.0033165793865919
1788,0.00072979007381940005
1789,0.0011117215035483
1790,0.0028372318483888999
1791,0.0013559119543059999
1792,0.0014703293563798001
1793,0.0005147531628608
1794,0.00037733052158720002
1795,0.0011396139161661001
1796,0.0011368470732122
1797,0.0014316255692392
1798,0.0032957666553556
1799,0.00025247916346410001
1800,0.0019660068210213999
1801,0.00025326272589149999
1802,0.0036743632517755001
1803,0.00020374124869699999
1804,0.0025566292461007001
1805,0.0008242994081228
1806,0.00067160360049450005
1807,0.00039580883458249999
1808,0.0009010701323859
1809,0.00085432175546880005
1810,0.0020080897957085999
1811,0.0023793263826518999
1812,0.0032980004325509002
1813,0.0011837945785373
1814,0.0025513451546429998
1815,0.00077329017221919999
1816,0.00080727908061810003
1817,0.0010855961591005
1818,0.0019540661014615999
1819,0.00073463912121949997
1820,0.0013845397625118
1821,0.0033322821836917998
1822,0.0027804439887403999
1823,0.0023541557602584002
1824,0.0012420327402651
1825,0.0024522482417522998
1826,0.0001832026464398
1827,0.0024407552555203
1828,0.00047869147965680001
1829,0.0014053208287805
1830,0.0029213484376668002
1831,0.0022889208048581999
1832,0.0023567252792417999
1833,0.0022073739673941998
1834,0.0006910283118486
1835,0.00079659157199779996
1836,0.0016837791772558999
1837,0.00045616840361609997
1838,0.0030430399347096001
1839,0.0018110217060893
1840,0.0021300464868544999
1841,0.0018044109456241001
1842,0.0017097665695473001
1843,0.0011123636504635
1844,0.0022884712088852999
1845,0.001416451530531
1846,0.0035454023163765001
1847,0.0026845207903534
1848,0.0013453885912895001
1849,0.0022933559957891
1850,0.00057706824736659999
1851,0.0012980038300155999
1852,0.0004505677497945
1853,0.00078232376836239999
1854,0.00085341528756540004
1855,0.00053702923469240002
1856,0.0002963456208817
1857,0.00079197122249749995
1858,0.00096085492987180003
1859,0.0013051690766586999
1860,0.00023740301548959999
1861,0.0001811932161217
1862,0.00086184148676690003
1863,0.00074040028266599998
1864,0.00063410727307199998
1865,0.0010639223037287001
1866,0.00020537589443839999
1867,0.0010400818428023999
1868,0.0020990371704100999
1869,0.00062201783293849996
1870,0.0001550464367028
1871,0.00035811500856649999
1872,0.0001807932130759
1873,0.00017502089031039999
1874,0.00088619039161130005
1875,0.00066021492239080003
1876,0.0031565991230309001
1877,0.00049128371756519999
1878,0.0020656683482228998
1879,0.0012817132519558001
1880,0.0014819921925663
1881,0.0025105257518588998
1882,0.0015354539500549
1883,0.0011531203053891
1884,0.00024488722556269998
1885,0.0010925905080511999
1886,0.00099030614364889989
1887,0.0002334208402317
1888,0.00066722673363979999
1889,0.0008539152913726
1890,0.0013637563679367
1891,0.00082320778165009996
1892,0.0010551541345193
1893,0.00074269378092129996
1894,0.0016381335444748
1895,0.0023145447485148
1896,0.00093527196440840003
1897,0.0013365898048505001
1898,0.0012898480053990999
1899,0.0006475799018517
1900,0.003864211961627
1901,0.00040272169280790001
1902,0.0026309480890630999
1903,0.00118384801317
1904,0.0066726813092826999
1905,0.00073082727612919999
1906,0.0063933650963007996
1907,0.00035211042268200001
1908,0.010699290782213201
1909,0.00097551080398259997
1910,0.0052265431731939004
1911,0.0017668257933108999
1912,0.0017713562119752
1913,0.00086448603542520002
1914,0.0024929733481258002
1915,0.0019744369201361999
1916,0.00077392352977759997
1917,0.00045497197424990002
1918,0.0017965509323403001
1919,0.00054655777057629996
1920,0.0021469388157129001
1921,0.00052173220319670004
1922,0.0011076449882238999
1923,0.0013511019060387999
1924,0.00098645896650849992
1925,0.0048240921460091998
1926,0.0014108844334259
1927,0.0051413327455519997
1928,0.0009326659492217
1929,0.0012114181881769999
1930,0.00093279249267649996
1931,0.00098892045207319996
1932,0.0017483313567936
1933,0.00082805554848160005
1934,0.00081567908637220001
1935,0.0022688317112623999
1936,0.00056160759413610001
1937,0.00067287491401650003
1938,0.0029942595865577
1939,0.000888715207111
1940,0.0035281423479317999
1941,0.0011650454252958001
1942,0.0015076305717229
1943,0.00022277652169570001
1944,0.00017304930952370001
1945,0.0018334473716095001
1946,0.00089104974176730002
1947,0.0011602240847423
1948,0.0032353005371987
1949,0.00041944460826919997
1950,0.0059664826840162
1951,0.00075835478492080005
1952,0.0027026960160583002
1953,0.00084788398817180004
1954,0.0015592859126627001
1955,0.00060947844758619998
1956,0.00043052996625190002
1957,0.0029335052240639001
1958,0.0022530839778481999
1959,0.0004731384688057
1960,0.0041574686765669996
1961,0.00050565158016970002
1962,0.0047467383556066998
1963,0.0013100882060825001
1964,0.0028023244813084
1965,0.0005541461287066
1966,0.0041983774863183004
1967,0.001076562795788
1968,0.0024087536148725999
1969,0.0013931121211498
1970,0.0020285311620682001
1971,0.00044994842028240001
1972,0.0021958216093480002
1973,0.00079569499939680002
1974,0.0014597023837267999
1975,0.0020071158651262001
1976,0.0024176347069441999
1977,0.00061128922970959997
1978,0.0040009766817092002
1979,0.0013811069075018001
1980,0.0013908330583943999
1981,0.0018001996213570001
1982,0.0022987136617302001
1983,0.0019531021825969
1984,0.001674951869063
1985,0.00099780864547929999
1986,0.0025905631482601001
1987,0.00042970755021079997
1988,0.0021872101351617999
1989,0.00082602736074469997
1990,0.0054698130115866002
1991,0.00025727294269009998
1992,0.0034856537822633002
1993,0.00093587185256180003
1994,0.0023133000358939002
1995,0.000132335582748
1996,0.0035994297359137999
1997,0.0012196134775875999
1998,0.0017917100340127
1999,0.0003536525182425
2000,0.0016234846552833
2001,0.0002434975176583
2002,0.00075578957330429996
2003,0.00029401556821539998
2004,0.0010441566118969999
2005,0.0019693397916852999
2006,0.0020815839525311999
2007,0.0015300810337066
2008,0.00074338581180189995
2009,0.0011937645031139001
2010,0.00031879279413259999
2011,0.0025757837574928999
2012,0.00022806286870029999
2013,0.0010068023111670999
2014,0.00018836464732879999
2015,0.0003522201441228
2016,0.0011306216474622
2017,0.0010589903686195
2018,0.0029023303650318999
2019,0.0013866764493286
2020,0.0028673440683632998
2021,0.00090844079386440005
2022,0.0039647035300731
2023,0.0012405635789036001
2024,0.0052670580334960998
2025,0.00047619052929799999
2026,0.0018284707330167001
2027,0.0019095831084996
2028,0.0020085063297301002
2029,0.0041246311739087001
2030,0.0014892714098095
2031,0.0020114444196224
2032,0.0011411607265472
2033,0.0045594852417707001
2034,0.0010497125331311999
2035,0.0027263376396148998
2036,0.00076335668563839998
2037,0.0013549909926949999
2038,0.0073263878002761997
2039,0.00072660204023120001
2040,0.010312525555491401
2041,0.00058693269966169997
2042,0.0086305756121873006
2043,0.00055891531519589998
2044,0.0079110357910393992
2045,0.00030560628511010001
2046,0.0030130939558147998
2047,0.00081651343498370004
2048,0.0025041562039404999
2049,0.0022356482222676
2050,0.00027513780514700002
2051,0.00097151077352460003
2052,0.0001800136233214
2053,0.00075966783333559996
2054,0.00052258546929799998
2055,0.0010249274782835999
2056,0.00032332312548529997
2057,0.0024230233393608999
2058,0.00098051212262360008
2059,0.0017596257384865999
2060,0.0022142287343739999
2061,0.0027974965050815998
2062,0.0028927819803356999
2063,0.002894673962146
2064,0.0018155261641368001
2065,0.00073918508132909998
2066,0.0024992991238832001
2067,0.00097650731913740004
2068,0.0018567547667771001
2069,0.0015724399127066001
2070,0.0010645687580108001
2071,0.00034614600008350002
2072,0.00064446381293229999
2073,0.0017633205279707
2074,0.0018456389661878
2075,0.0005180721636861
2076,0.00072389130946239999
2077,0.0010872927960007999
2078,0.0016734956298023
2079,0.0017821905203162999
2080,0.0031528719700872
2081,0.0007243719301186
2082,0.00067406473681329998
2083,0.00020185034372839999
2084,0.0014090517070144001
2085,0.00085068622138349999
2086,0.00045017007505520002
2087,0.0010495162568986
2088,0.0016033055726438
2089,0.0002526917669456
2090,0.0013410570099949
2091,0.0024054497480392001
2092,0.0003781709237955
2093,0.001533223199658
2094,0.00057508540339759997
2095,0.0010615393985062001
2096,0.00029893775354129998
2097,0.0014951878692954
2098,0.00049501692410550005
2099,0.0020818319171666999
2100,0.00076099589932700001
2101,0.00083774840459220005
2102,0.0022219901438801999
2103,0.00071817677235230001
2104,0.00095010705990709995
2105,0.0050953663885592998
2106,0.00097326806280759995
2107,0.0045293206349015002
2108,0.0033564160112291002
2109,0.0027839224785566
2110,0.0012057512067258
2111,0.011378550902009
2112,0.0004102941020391
2113,0.017814841121435099
2114,0.0034925434738397
2115,0.0195492058992385
2116,0.0037809475325046998
2117,0.0167670622467994
2118,0.00081476382911200001
2119,0.0165583416819572
2120,0.0015279558720067
2121,0.0099648758769034992
2122,0.0040224259719251997
2123,0.0048462869599461
2124,0.0032803057692944999
2125,0.0049551799893379003
2126,0.0022983301896601
2127,0.0028903440106660002
2128,0.0027305255644023002
2129,0.00053531792946149995
2130,0.0031985042151063
2131,0.00059719721321010001
2132,0.0057353950105606998
2133,0.00090335810091339997
2134,0.0097219459712504994
2135,0.0046675163321196998
2136,0.0025874087586997998
2137,0.0001846269005909
2138,0.0060912454500794003
2139,0.00063523335848000005
2140,0.0022340288851409999
2141,0.0014327041571959001
2142,0.0031789515633135999
2143,0.00062131497543299998
2144,0.0018358905799686
2145,0.0015067276544868001
2146,0.00096771953394629996
2147,0.0019931583665310998
2148,0.0023559553083032001
2149,0.0024188512470573
2150,0.0010232370113953
2151,0.00028649743762789999
2152,0.00042520742863409998
2153,0.000727871665731
2154,0.00055454159155480002
2155,0.00055004458408800005
2156,0.00034805104951369999
2157,0.00086264649871729999
2158,0.00081040972145269999
2159,0.0010834929998964
2160,0.0013936118921265
2161,0.00031288835452859999
2162,0.00069359608460209995
2163,0.00059750373475250004
2164,0.00062352791428560005
2165,0.00068496447056529998
2166,0.00014325256051959999
2167,0.00070433539804069995
2168,0.0012031447840854001
2169,0.000431338121416
2170,0.0017041079699992999
2171,0.0065774112008512003
2172,0.0010564720723778001
2173,0.0015547157963737
2174,0.00096864381339399998
2175,0.0006826617754995
2176,0.00082269683480260002
2177,0.0009534810087643
2178,0.00035411072894929999
2179,0.0015102406032383
2180,0.00036991314846090002
2181,0.0024080257862805999
2182,0.00094577687559640002
2183,0.0046696821227668996
2184,0.0017556634265929001
2185,0.00029805267695329999
2186,0.00048532552318640001
2187,0.0004143175901845
2188,0.00026418414199720001
2189,0.00076242070645090004
2190,0.00028827495407310002
2191,0.0001473772717872
2192,0.0013804743066430001
2193,0.0016622793627902
2194,0.0001879063493106
2195,0.00078480760566890001
2196,0.00052546191727740005
2197,0.00025155456387429998
2198,0.0012105081696063
2199,0.00032697455026199998
2200,0.00065932131838049995
2201,0.00081803905777630003
2202,0.0022763162851332998
2203,0.00028021997422910002
2204,0.0019484593067317999
2205,0.00044065265683450002
2206,0.0012299057561903999
2207,0.00079743628157300005
2208,0.0018440316198393
2209,0.0012906669871880999
2210,0.0017389170825481001
2211,0.00050240184646090005
2212,0.0037609105929732002
2213,0.0019258088432251999
2214,0.012435457669198499
2215,0.0009980746544896999
2216,0.0067409435287117004
2217,0.0003141317283734
2218,0.0090526044368742994
2219,0.00068906636442980004
2220,0.0074396664276718998
2221,0.00091336306650189995
2222,0.0041440906934439997
2223,0.00050855032168320002
2224,0.0027361682150512001
2225,0.0017967256717383001
2226,0.0038155438378452999
2227,0.0011828244896604999
2228,0.00068963418016210003
2229,0.00074401876190669999
2230,0.0015307124704121999
2231,0.00049577129539099996
2232,0.0012250619474798001
2233,0.00079808547161509997
2234,0.0002541445428505
2235,0.00055792107013979996
2236,0.0018092219252139
2237,0.0012323791161179
2238,0.0042782230302691
2239,0.0011614270042628
2240,0.0028949619736521998
2241,0.00098909763619299995
2242,0.0037614172324538001
2243,0.00033713792799969997
2244,0.0018885397585108
2245,0.0023598689585924001
2246,0.0053157927468418997
2247,0.0052006915211676996
2248,0.010026641190052
2249,0.0028523181099443999
2250,0.0055776266381144003
2251,0.0031948543619364001
2252,0.0019892202690243001
2253,0.0033688279800116998
2254,0.00069936591899019999
2255,0.0056770369410513999
2256,0.0009669029386714
2257,0.0095477849245070995
2258,0.00040085252840069998
2259,0.0052697132341562999
2260,0.0016478446777909001
2261,0.0065327761694787996
2262,0.0011006854474544
2263,0.0014113063225522
2264,0.0033103593159466002
2265,0.0024201739579438998
2266,0.0046390052884817002
2267,0.0025369490031152001
2268,0.0029144671279936999
2269,0.00063410797156390004
2270,0.0014856746420263999
2271,0.0010172734037041001
2272,0.0011372608132660001
2273,0.0020503536798058999
2274,0.00063239596784110002
2275,0.0015602580970153
2276,0.00057811482110990003
2277,0.00059128057910119995
2278,0.0012981186155229
2279,0.00076225545490159999
2280,0.00079285161336879999
2281,0.00097583065507929995
2282,0.0010798918083309999
2283,0.0012309852754697
2284,0.0026993816718458999
2285,0.00087286549387489997
2286,0.0023936748038976999
2287,0.0010703944135457
2288,0.0029929960146546
2289,0.0008740336634218
2290,0.0017204950563608999
2291,0.0050134602934121999
2292,0.0021695829927921
2293,0.0028478130698204001
2294,0.0040963874198496003
2295,0.0016957236221060001
2296,0.00047359144082289998
2297,0.0018900329014286
2298,0.00033645075745880002
2299,0.00083172786980860002
2300,0.0015182245988398001
2301,0.0011107845930382
2302,0.00065458158496759997
2303,0.0026965155266225
2304,0.00048136798432089998
2305,0.0011955096852034001
2306,0.0017750253900885001
2307,0.0013284613378344999
2308,0.0036007445305584998
2309,0.0009226035326719
2310,0.0028963473159819
2311,0.00052494910778470003
2312,0.0017376848263665999
2313,0.00078534771455450003
2314,0.0033257713075726999
2315,0.00059396994765839996
2316,0.0023756611626594999
2317,0.0021924334578215998
2318,0.0016299139242619001
2319,0.002361602615565
2320,0.00064795650541780005
2321,0.0018270830623805
2322,0.0003155189333483
2323,0.00053361151367419999
2324,0.0013423686614259999
2325,0.00097335322061549998
2326,0.0011887127766385
2327,0.0014621964655816
2328,0.0021774412598460002
2329,0.0049015637487173002
2330,0.0013603027909994
2331,0.0064241997897623998
2332,0.00078819657210260001
2333,0.0067315092310309002
2334,0.00057484221179030003
2335,0.0051923049613833002
2336,0.00018567068036639999
2337,0.0054334755986928003
2338,0.00061468436615540005
2339,0.0015216190367936999
2340,0.00091889227041970002
2341,0.0014624083414673001
2342,0.00082178623415520003
2343,0.00082231033593410002
2344,0.0017614002572372001
2345,0.0012701724190263999
2346,0.0036776848137377999
2347,0.0021906173788011
2348,0.0039513846859334997
2349,0.0015499915461986999
2350,0.0043237134814262
2351,0.00079751689918330004
2352,0.0046782069839536996
2353,0.00027994281845159999
2354,0.0025090062990783999
2355,0.00075759296305469997
2356,0.0020465084817260001
2357,0.0011692037805914001
2358,0.0015506369527429
2359,0.00098390202037990006
2360,0.00039496901445090001
2361,0.0023842640221117999
2362,0.00034170853905369998
2363,0.0010061217471957001
2364,0.0014544685836881
2365,0.0030586034990846998
2366,0.0013041016645729
2367,0.0014309997204691
2368,0.0057557392865418998
2369,0.0089125297963619007
2370,0.0002400870725978
2371,0.00068838213337579996
2372,0.0065599712543188997
2373,0.0031377044506371
2374,0.0058469404466449998
2375,0.0023064515553414002
2376,0.0036713327281177001
2377,0.00022302762954490001
2378,0.0084313210099934994
2379,0.00065936928149310002
2380,0.0121177397668361
2381,0.0022080526687204001
2382,0.0095761111006139998
2383,0.0015001052524894001
2384,0.0065690441988408002
2385,0.0001913126034196
2386,0.0040297480300067997
2387,0.0024439566768704999
2388,0.0023133631329983
2389,0.0024539814330637
2390,0.00075666105840349997
2391,0.0033899433910845999
2392,0.0002871380711439
2393,0.0068439254537223998
2394,0.00087923620594659998
2395,0.0026957183144986001
2396,0.0004020949127152
2397,0.00081712368410079999
2398,0.00049363932339470005
2399,0.0007312197703868
2400,0.00033355166669930001
2401,0.0016089093405752999
2402,0.0010806838981807
2403,0.0029489039443432999
2404,0.0007085764082148
2405,0.0060788094997405997
2406,0.0018890823703259
2407,0.0064447787590324003
2408,0.0010851138504222001
2409,0.0058174286969006001
2410,0.00046428339555849998
2411,0.0063361139036714996
2412,0.00059032801073039996
2413,0.0055900178849697
2414,0.0014260062016546
2415,0.0033655930310487001
2416,0.0042671905830501998
2417,0.0037628195714205
2418,0.0018907017074525001
2419,0.00022599616204379999
2420,0.0011297385208308001
2421,0.00071204401319839995
2422,0.0008282441995106
2423,0.00096780783496790005
2424,0.0011774704325944001
2425,0.0037321541458368002
2426,0.00055660586804149995
2427,0.0019395039416849
2428,0.00041993166087190003
2429,0.0018669400596990999
2430,0.00044179835822430002
2431,0.0014042677357792
2432,0.00054591562366109998
2433,0.0014238753356038999
2434,0.00053100928198540002
2435,0.0039330217987298003
2436,0.00019468224490990001
2437,0.0086166094988583998
2438,0.0013155967462807
2439,0.0047596520744263996
2440,0.00060197850689290002
2441,0.0053880102932452999
2442,0.0011411462910473
2443,0.0057370662689208004
2444,0.00021195510635150001
2445,0.0017403857782482999
2446,0.0012551445979624
2447,0.001614193432033
2448,0.0010208052117376999
2449,0.0010009628022089
2450,0.00043752463534469998
2451,0.00076235842425369997
2452,0.0013375512789934
2453,0.0026254309341310999
2454,0.00082324724644420005
2455,0.0017268254887312
2456,0.0023721307516098001
2457,0.0018987231887876001
2458,0.0025651736650614998
2459,0.0030936207622288998
2460,0.0012161100748926
2461,0.00081451202277089995
2462,0.0026170108467340001
2463,0.0037786329630762
2464,0.0010441238991916
2465,0.0013480961788445
2466,0.00050601927796370004
2467,0.00025648530572649998
2468,0.00067754322662939999
2469,0.00098972534760829989
2470,0.00062678253743789995
2471,0.00026744464412329998
2472,0.00024531257804479999
2473,0.0020773308351635001
2474,0.00079727126285429996
2475,0.0011892184847965
2476,0.001124887028709
2477,0.0015769482124595999
2478,0.0003860765427816
2479,0.0036406104918569001
2480,0.00059383572079239996
2481,0.0057685035280883
2482,0.00017648702487339999
2483,0.002858507912606
2484,0.0031466507352887999
2485,0.0063183084130286997
2486,0.0033304705284535
2487,0.0030498395208269002
2488,0.0029550474137067001
2489,0.00062626216094940001
2490,0.0025260576512664001
2491,0.0001229839544976
2492,0.0018335708882658999
2493,0.0008295475272461
2494,0.0016735683893784
2495,0.00054171396186570003
2496,0.0010584576521068
2497,0.0004928646376356
2498,0.00049174920422950005
2499,0.00040167881525119998
2500,0.0025083688087760999
2501,0.0033679155167192
2502,0.00062112062005320004
2503,0.00058391998754809995
2504,0.00028444893541739998
2505,0.0015251452568918
2506,0.0010372450342400999
2507,0.00037275656359269998
2508,0.0005926142912358
2509,0.00070468726335089996
2510,0.00032227963674810002
2511,0.00074702990241340005
2512,0.00037820922443639998
2513,0.0004702150181401
2514,0.00041263841558239998
2515,0.0004222739953547
2516,0.00045310804853210002
2517,0.000261182518443
2518,0.0018914921674877
2519,0.0017796533647924
2520,0.0004585200222209
2521,0.0019988338463008
2522,0.0017080693505704
2523,0.00068712339270850004
2524,0.0011759323533624001
2525,0.00080847606295709996
2526,0.00031803164165459998
2527,0.0014321445487438999
2528,0.00049579038750379996
2529,0.00052037707064299995
2530,0.00098674383480100002
2531,0.00042048143222920002
2532,0.00070532440440720001
2533,0.0017990709748119001
2534,0.0001512176531832
2535,0.0022072729188947998
2536,0.00083034054841840004
2537,0.0085708377882838006
2538,0.0024928050115703999
2539,0.0027816155925393
2540,0.00071049242978909999
2541,0.0073172273114323
2542,0.001056910958141
2543,0.0029190471395849999
2544,0.0017801227513699999
2545,0.0046586086973546999
2546,0.0042142421007155999
2547,0.0071534537710248999
2548,0.0023972047492861002
2549,0.0024979272857308002
2550,0.0032543730922042998
2551,0.0020111759658901999
2552,0.0016397468280047
2553,0.00068628962617360003
2554,0.0021088030189275
2555,0.0015219559427350001
2556,0.00052618829067789996
2557,0.00096340395975850004
2558,0.00085624092025679999
2559,0.0013233297504484001
2560,0.00042135894182130003
2561,0.0038248258642851998
2562,0.00027682000654739999
2563,0.0030286060646176
2564,0.00053829152602700005
2565,0.0016654315404592999
2566,0.0021743243560194002
2567,0.0013577237259596001
2568,0.0024564010091124998
2569,0.00013004432548760001
2570,0.0052041714079677998
2571,0.00035101259709329998
2572,0.0018487498164176
2573,0.00053721608128390005
2574,0.0014920260291546
2575,0.00060544419102370002
2576,0.0012590379919856
2577,0.0016103347297757001
2578,0.00073011667700480004
2579,0.0055576199665665002
2580,0.00063807226251809998
2581,0.0046541802585123998
2582,0.00039628060767420002
2583,0.0073843523859977002
2584,0.00068505713716139995
2585,0.0057921023108064998
2586,0.00042947183828800001
2587,0.0041514164768158999
2588,0.0011860232334583
2589,0.0038996483199298
2590,0.0028400546871125
2591,0.0050316136330365996
2592,0.0038109440356491999
2593,0.0045180199667811003
2594,0.0010038211476057
2595,0.0022522008512169001
2596,0.0004112420137971
2597,0.0017876591300591
2598,0.0013999459333716999
2599,0.00056723313173270005
2600,0.00092145882081240004
2601,0.00049028301145880005
2602,0.00087590061593800003
2603,0.00044980744132770001
2604,0.00081792240962379995
2605,0.00064956286223599995
2606,0.0001923707022797
2607,0.0001033504449878
2608,0.00025811497471290001
2609,0.00087623344734309998
2610,0.00095493416301900005
2611,0.00058306101709600002
2612,0.0015671586152166
2613,0.00025468837702639999
2614,0.0010385753121227
2615,0.00053576065693050005
2616,0.00042798760114230001
2617,0.00040405447361990002
2618,0.0014753525611013001
2619,0.000252334983088
2620,0.00072945206193250004
2621,0.0023379810154438001
2622,0.00039031062624409997
2623,0.0012102039763702999
2624,0.00064744520932430005
2625,0.00057222030591210003
2626,0.00046218742500049999
2627,0.00068590481532730002
2628,0.0018333005718886
2629,0.0041681546717882
2630,0.0019800746813416
2631,0.003514074254781
2632,0.00095366465393449998
2633,0.0060553173534572003
2634,0.0001960656663868
2635,0.0055227577686308999
2636,0.0017565409652888001
2637,0.0118105914443731
2638,0.0010738311102613
2639,0.012594340369105299
2640,0.0013788408832624
2641,0.0090028801932929992
2642,0.0025440303143113002
2643,0.0038871399592608001
2644,0.0034182975068687998
2645,0.00077590707223860003
2646,0.0070412270724772999
2647,0.0020752642303704999
2648,0.0093785487115382992
2649,0.00079853169154370002
2650,0.0169200468808412
2651,0.0002187874779338
2652,0.019930902868509199
2653,0.00098373810760670009
2654,0.014872501604259
2655,0.00053870317060500004
2656,0.0054912772029638004
2657,0.0015351513866335
2658,0.0029586041346192
2659,0.0024879395496100001
2660,0.0031690322794019998
2661,0.0023297383449970999
2662,0.00047113522305149998
2663,0.0058489800430833998
2664,0.0013515875907614001
2665,0.0019954177550971001
2666,0.00075912475585929997
2667,0.0015267692506313001
2668,0.0020296294242143002
2669,0.00092000525910399997
2670,0.0016210181638598
2671,0.0011829575523733999
2672,0.00207658438012
2673,0.0016187360743059999
2674,0.00041483051609239997
2675,0.0068526668474077996
2676,0.00014622695744030001
2677,0.0044719725847244002
2678,0.0012442364823072999
2679,0.0027252417057752002
2680,0.0042234589345753002
2681,0.0013333968818187
2682,0.0027246112003921998
2683,0.00062287226319310003
2684,0.0037360182031988998
2685,0.0050901616923511002
2686,0.0047963806428014998
2687,0.0058970768004654997
2688,0.0019231925252825
2689,0.0110300425440073
2690,0.00095458410214629996
2691,0.0093956580385564994
2692,0.00048461620463049999
2693,0.0150617137551307
2694,0.0035911665763705002
2695,0.0086086820811033006
2696,0.0083022573962806996
2697,0.0072075519710778999
2698,0.0084003694355487008
2699,0.0010277050314471
2700,0.0086270151659845994
2701,0.0011372809531167
2702,0.0043375338427722003
2703,0.0021331533789634002
2704,0.00084656965918830001
2705,0.0025749185588210001
2706,0.00085303338710210005
2707,0.0015140586765483
2708,0.0021892408840358001
2709,0.0023036389611661
2710,0.00092906050849700004
2711,0.00055366195738309999
2712,0.00071682501584290005
2713,0.00050211756024499997
2714,0.0027477019466459001
2715,0.00076004117727270003
2716,0.0041372682899236003
2717,0.001017581904307
2718,0.0035659889690576999
2719,0.00033252194407390001
2720,0.00042624125489960002
2721,0.00049403862794860005
2722,0.00072896748315539998
2723,0.00061048613861199995
2724,0.0010404651984572001
2725,0.0014447232242673
2726,0.0022187430877238
2727,0.00093703076709059996
2728,0.0021879507694393002
2729,9.1636589786503464e-05
2730,0.0023804609663784001
2731,0.0017924278508871
2732,0.0027475417591631001
2733,0.0023345223162322998
2734,0.0022539661731570001
2735,0.00070153188426039996
2736,0.0006732390029355
2737,0.0001929205318447
2738,0.001536197727546
2739,0.0003796931705437
2740,0.0011591820511966
2741,0.00021714052127200001
2742,0.0020456733182072002
2743,0.00048625981435170001
2744,0.0023010091390460001
2745,0.001224648905918
2746,0.00037145736860110001
2747,0.00073195004370059998
2748,0.00047296832781280001
2749,0.00080145243555300005
2750,0.0042615276761352999
2751,0.0020824228413403
2752,0.0013469457626341999
2753,0.0023663225583731998
2754,0.00082343968097120003
2755,0.00054397445637730001
2756,0.00035529266460790002
2757,0.00039229303365570002
2758,0.00044934757170259998
2759,0.00013670662883660001
2760,0.00083340390119699998
2761,0.00061462383018799996
2762,0.0015558056766166999
2763,0.00044963232357979999
2764,0.0010895287850870999
2765,0.00072047114372250003
2766,0.00085720280185340003
2767,0.0012107746442779001
2768,0.0011507463641463999
2769,0.002330511342734
2770,0.0031426353380083999
2771,0.00091826537391170003
2772,0.0018555250717325999
2773,0.0026097043883055002
2774,0.0035934979096055
2775,0.0021932974923402002
2776,0.00080808007623999996
2777,0.0109735652804374
2778,0.0011442530667408999
2779,0.011819454841315699
2780,0.00036325404653320001
2781,0.0052370009943842003
2782,0.00064346799626939998
2783,0.0015822248533368
2784,0.00084612716455010001
2785,0.0003212866140529
2786,0.0010977294296026
2787,0.0005167255294509
2788,0.0016353535465896
2789,0.00038925849366930001
2790,0.00056834815768519995
2791,0.0010947826085612
2792,0.0015773272607475001
2793,0.0026357227470724998
2794,0.0048438231460749999
2795,0.00035927706630899998
2796,0.0021415106020867001
2797,0.0011161302682012001
2798,0.0012807087041436999
2799,0.00072075158823279998
2800,0.00021907297195860001
2801,0.0016407496295868999
2802,0.00042165795457539999
2803,0.0008345855167135
2804,0.00053618510719379996
2805,0.00052668363787230002
2806,0.0013739084824919
2807,0.0009955565910786
2808,0.00031969099654809998
2809,0.00061313691549000002
2810,0.00095914409030219995
2811,0.00051546224858610001
2812,0.001265553291887
2813,0.00033924257149910001
2814,0.0029238606803119
2815,0.00068312854273240001
2816,0.0042188987135886999
2817,0.00074205722194160004
2818,0.0040713995695113997
2819,0.00034171587321900001
2820,0.0025261314585803998
2821,0.0010409348178654001
2822,0.00083662965334950002
2823,0.0010858525056391
2824,0.0019421017495915001
2825,0.00052619469352060001
2826,0.00041493552271270001
2827,0.0022208495065569002
2828,0.0012633801670745
2829,0.0012706435518339001
2830,0.0025375066325068001
2831,0.00073458778206250003
2832,0.0050100027583539
2833,0.0015329243615269
2834,0.0029045278206467
2835,0.00058226799592369998
2836,0.0024062483571468999
2837,0.0027612487319856002
2838,0.0060851084999740002
2839,0.0027707281988114001
2840,0.0043240156956017
2841,0.0019190076272934001
2842,0.0032750316895544
2843,0.0013247217284514999
2844,0.0012936341809107999
2845,0.0010820534080266001
2846,0.00047518045175819998
2847,0.00059032847639169995
2848,0.00036208637175149999
2849,0.0012100350577383999
2850,0.0007555168122053
2851,0.00075284519698469996
2852,0.00063262472394850003
2853,0.0022957338951527999
2854,0.0011427860008552
2855,0.0011599431745707
2856,0.00024895532988009999
2857,0.0011274321004748
2858,0.0003724683192558
2859,0.00080986006651069997
2860,0.0012657962506635999
2861,0.00072590413037680005
2862,0.00055887800408520002
2863,0.00091726565733549995
2864,0.0024474654346704002
2865,0.0013999348739162001
2866,0.0034907921217381
2867,0.00042945565655819998
2868,0.0034418124705552998
2869,0.00083745853044089999
2870,0.0022493759170174
2871,0.0036502995062619001
2872,0.0048374929465353003
2873,0.0028236568905412999
2874,0.0055078519508242
2875,0.0023906687274574999
2876,0.0023981579579412
2877,0.0030246637761592002
2878,0.00056567840510970003
2879,0.0033807612489908001
2880,0.00065042718779290002
2881,0.0016897147288544999
2882,0.0020556251984089001
2883,0.0014314351137727
2884,0.00015707011334590001
2885,0.0050347107462584001
2886,0.0026449733413755
2887,0.0015138257294893
2888,0.00077696633525190005
2889,0.0022645569406449001
2890,0.00051385717233639998
2891,0.00064301840029650002
2892,0.00049810577183960003
2893,0.00029317865846670001
2894,0.0009102792246267
2895,0.0001269085623789
2896,0.0006031655939295
2897,0.00021976261632510001
2898,0.00036703294608739998
2899,0.00055106449872250002
2900,0.00052309699822210005
2901,0.00069209793582550002
2902,0.00042020692490039998
2903,0.0010664836736395001
2904,0.0016340493457390999
2905,0.0045046652667224
2906,0.0014233192196114999
2907,0.0049080881290136996
2908,0.00058196089230470004
2909,0.00074533338192850004
2910,0.0018532413523644001
2911,0.00025697925593700001
2912,0.0045559676364064
2913,0.00087874045129859998
2914,0.0024396590888500001
2915,0.0004713415692094
2916,0.0021873980294913001
2917,0.0015989469829946
2918,0.0043486296199262003
2919,0.0017126132734119001
2920,0.0040630190633236998
2921,0.00057576538529239998
2922,0.00081236107507720004
2923,0.0013818209990858999
2924,0.0012947452487424001
2925,0.0066648437641560997
2926,0.00082523445598780003
2927,0.0063808541744947
2928,0.0010075303725897999
2929,0.0075695090927183004
2930,0.00028907280648119999
2931,0.0034795436076818999
2932,0.0016041945200412999
2933,0.0026488681323826001
2934,0.0048236567527055003
2935,0.0025999196805058999
2936,0.0093472935259342003
2937,0.0023310196120290999
2938,0.0098115848377346992
2939,0.0012508687796071
2940,0.011358697898685899
2941,0.0003260973608121
2942,0.0052433242090045998
2943,0.0024400088004767001
2944,0.0049246344715356003
2945,0.0033176895231008001
2946,0.0025700039695947998
2947,0.0046248533762991003
2948,0.0017749650869518
2949,0.0029005017131567001
2950,0.00079313828609880001
2951,0.0032056225463746998
2952,0.00055342388805000001
2953,0.0024657123722135999
2954,0.0039409017190336999
2955,0.002922925632447
2956,0.0015119328163563999
2957,0.00051314441952850004
2958,0.0010010879486798999
2959,0.0017408705316483001
2960,0.0018371186451986001
2961,0.00079552485840389997
2962,0.00069427303969860001
2963,0.0010352232493460001
2964,0.0012916310224681999
2965,0.0004364015185274
2966,8.430193702224642e-05
2967,0.00077068351674819998
2968,0.00034107858664349998
2969,0.00061136065050950003
2970,0.0010475111193953999
2971,0.0016559737268835
2972,0.00032802450004959998
2973,0.0011431712191551
2974,0.00054638029541819995
2975,0.00048277579480779999
2976,0.0014139278791843999
2977,0.00091365998378020003
2978,0.0012020727153867
2979,0.0028140938375145002
2980,0.0014405279653146
2981,0.0027356198988854
2982,0.0015393291832878999
2983,0.0031781769357621002
2984,0.0012871663784608
2985,0.0059394254349172003
2986,0.0022725448943674001
2987,0.0017859926447271999
2988,0.0002331722498638
2989,0.0012793348869308001
2990,0.00062692188657819997
2991,0.00076899642590429998
2992,0.0042764744721353002
2993,0.00067251484142610005
2994,0.0049069868400692003
2995,0.0010509392013772999
2996,0.0032104728743432998
2997,0.00027374713681630001
2998,0.00071904994547360005
2999,0.0013224814319982999
