maturity_days,lower_x,upper_x
0.25,-0.070000000000000007,0.065000000000000002
0.5,-0.080000000000000002,0.0749999999999999
0.75,-0.085000000000000006,0.080000000000000002
1,-0.095000000000000001,0.085000000000000006
1.25,-0.10000000000000001,0.0899999999999999
1.5,-0.105,0.0899999999999999
1.75,-0.11,0.095000000000000001
2,-0.115,0.10000000000000001
2.25,-0.12,0.105
2.5,-0.13,0.11
2.75,-0.13500000000000001,0.11
3,-0.13500000000000001,0.115
3.25,-0.14000000000000001,0.12
3.5,-0.14999999999999991,0.12
3.75,-0.14999999999999991,0.125
4,-0.16,0.13
4.25,-0.16,0.13
4.5,-0.16500000000000001,0.13500000000000001
4.75,-0.17000000000000001,0.14000000000000001
5,-0.17499999999999991,0.14000000000000001
5.25,-0.17999999999999991,0.14499999999999991
5.5,-0.185,0.14499999999999991
5.75,-0.19,0.14999999999999991
6,-0.19500000000000001,0.14999999999999991
6.25,-0.20000000000000001,0.155
6.5,-0.20000000000000001,0.155
6.75,-0.2049999999999999,0.16
7,-0.20999999999999991,0.16500000000000001
7.25,-0.215,0.16500000000000001
7.5,-0.22,0.16500000000000001
7.75,-0.22500000000000001,0.17000000000000001
8,-0.23000000000000001,0.17499999999999991
9,-0.23999999999999991,0.185
10,-0.255,0.19500000000000001
11,-0.27000000000000002,0.2049999999999999
12,-0.28999999999999992,0.215
13,-0.29999999999999988,0.22500000000000001
14,-0.32000000000000001,0.23000000000000001
15,-0.33000000000000002,0.23999999999999991
16,-0.34000000000000002,0.25
17,-0.35499999999999993,0.26000000000000001
18,-0.37,0.26500000000000001
19,-0.38,0.27000000000000002
20,-0.39500000000000002,0.28000000000000003
21,-0.40500000000000003,0.28499999999999992
22,-0.41999999999999987,0.29499999999999987
23,-0.42499999999999988,0.29999999999999988
24,-0.44,0.31
25,-0.45500000000000002,0.315
26,-0.46500000000000002,0.32000000000000001
27,-0.47499999999999992,0.32500000000000001
28,-0.48999999999999988,0.33500000000000002
29,-0.5,0.34000000000000002
30,-0.51500000000000001,0.34499999999999992
31,-0.52500000000000002,0.34999999999999992
32,-0.53500000000000003,0.35499999999999993
33,-0.54000000000000004,0.36499999999999988
34,-0.55500000000000005,0.37
35,-0.56499999999999995,0.38
36,-0.57499999999999984,0.38
37,-0.57999999999999985,0.39000000000000001
38,-0.59499999999999986,0.39000000000000001
39,-0.59999999999999987,0.40000000000000002
40,-0.60999999999999988,0.40999999999999992
41,-0.62,0.40999999999999992
42,-0.63,0.41499999999999992
43,-0.64000000000000001,0.41999999999999987
44,-0.65000000000000002,0.42499999999999988
45,-0.66000000000000003,0.42499999999999988
46,-0.67000000000000004,0.435
47,-0.68000000000000005,0.435
48,-0.68999999999999995,0.44
49,-0.69999999999999984,0.44
50,-0.70499999999999985,0.45000000000000001
51,-0.71999999999999986,0.45000000000000001
52,-0.72999999999999987,0.45000000000000001
53,-0.72999999999999987,0.45500000000000002
54,-0.73999999999999988,0.46000000000000002
55,-0.745,0.46500000000000002
56,-0.755,0.46999999999999992
57,-0.76500000000000001,0.47499999999999992
58,-0.77500000000000002,0.47999999999999993
59,-0.78500000000000003,0.48499999999999988
60,-0.79000000000000004,0.48499999999999988
61,-0.80000000000000004,0.48499999999999988
62,-0.81000000000000005,0.48999999999999988
63,-0.81999999999999995,0.5
64,-0.81999999999999995,0.5
65,-0.82999999999999985,0.505
66,-0.82999999999999985,0.51000000000000001
67,-0.83499999999999985,0.51000000000000001
68,-0.83999999999999986,0.52000000000000002
69,-0.83999999999999986,0.52000000000000002
70,-0.84499999999999986,0.52500000000000002
71,-0.85999999999999988,0.53000000000000003
72,-0.85999999999999988,0.54000000000000004
73,-0.86499999999999988,0.54000000000000004
74,-0.875,0.54000000000000004
75,-0.88500000000000001,0.54500000000000004
76,-0.89000000000000001,0.54500000000000004
77,-0.90000000000000002,0.55000000000000004
78,-0.91000000000000003,0.55000000000000004
79,-0.91500000000000004,0.55500000000000005
80,-0.92500000000000004,0.55500000000000005
81,-0.93000000000000005,0.56000000000000005
82,-0.93999999999999995,0.56499999999999995
83,-0.93999999999999995,0.56499999999999995
84,-0.93999999999999995,0.56999999999999995
85,-0.95499999999999996,0.57499999999999984
86,-0.95499999999999996,0.57499999999999984
87,-0.95499999999999996,0.57999999999999985
88,-0.96499999999999997,0.57999999999999985
89,-0.97499999999999998,0.57999999999999985
90,-0.97999999999999998,0.58999999999999986
91,-0.98499999999999999,0.58999999999999986
92,-0.98999999999999999,0.58999999999999986
93,-0.995,0.59999999999999987
94,-1,0.59999999999999987
95,-1.01,0.59999999999999987
96,-1.0149999999999999,0.60499999999999987
97,-1.02,0.60999999999999988
98,-1.02,0.60999999999999988
99,-1.0349999999999999,0.61499999999999988
100,-1.0349999999999999,0.61499999999999988
101,-1.0349999999999999,0.62
102,-1.0349999999999999,0.62
103,-1.0449999999999999,0.62
104,-1.05,0.62
105,-1.0600000000000001,0.62
106,-1.0649999999999999,0.625
107,-1.0700000000000001,0.625
108,-1.075,0.63
109,-1.085,0.63
110,-1.085,0.63500000000000001
111,-1.095,0.63500000000000001
112,-1.1000000000000001,0.64000000000000001
113,-1.105,0.64000000000000001
114,-1.1200000000000001,0.64000000000000001
115,-1.125,0.64500000000000002
116,-1.125,0.65000000000000002
117,-1.1299999999999999,0.65000000000000002
118,-1.1399999999999999,0.65000000000000002
119,-1.145,0.65500000000000003
120,-1.1499999999999999,0.66000000000000003
121,-1.1499999999999999,0.66000000000000003
122,-1.155,0.66000000000000003
123,-1.1599999999999999,0.66000000000000003
124,-1.165,0.66500000000000004
125,-1.1699999999999999,0.67000000000000004
126,-1.1699999999999999,0.67000000000000004
127,-1.175,0.67500000000000004
128,-1.1799999999999999,0.68000000000000005
129,-1.1799999999999999,0.68000000000000005
130,-1.1799999999999999,0.68000000000000005
131,-1.1799999999999999,0.68000000000000005
132,-1.1899999999999999,0.68000000000000005
133,-1.1899999999999999,0.68500000000000005
134,-1.2,0.68500000000000005
135,-1.2050000000000001,0.68999999999999995
136,-1.2050000000000001,0.68999999999999995
137,-1.2150000000000001,0.68999999999999995
138,-1.2250000000000001,0.69499999999999995
139,-1.2250000000000001,0.69999999999999984
140,-1.2350000000000001,0.69999999999999984
141,-1.24,0.69999999999999984
142,-1.2450000000000001,0.69999999999999984
143,-1.25,0.70499999999999985
144,-1.2549999999999999,0.70999999999999985
145,-1.27,0.70999999999999985
146,-1.27,0.70999999999999985
147,-1.27,0.71499999999999986
148,-1.27,0.71499999999999986
149,-1.2749999999999999,0.71499999999999986
150,-1.2849999999999999,0.71999999999999986
151,-1.2849999999999999,0.71999999999999986
152,-1.29,0.72499999999999987
153,-1.2949999999999999,0.72999999999999987
154,-1.2949999999999999,0.72999999999999987
155,-1.2949999999999999,0.72999999999999987
156,-1.3,0.72999999999999987
157,-1.3149999999999999,0.73499999999999988
158,-1.3149999999999999,0.73499999999999988
159,-1.3149999999999999,0.73499999999999988
160,-1.3200000000000001,0.73499999999999988
161,-1.3200000000000001,0.73999999999999988
162,-1.325,0.73999999999999988
163,-1.3300000000000001,0.745
164,-1.335,0.75
165,-1.3400000000000001,0.75
166,-1.3400000000000001,0.755
167,-1.3400000000000001,0.755
168,-1.3500000000000001,0.755
169,-1.3600000000000001,0.755
170,-1.3600000000000001,0.755
171,-1.3700000000000001,0.76000000000000001
172,-1.3700000000000001,0.76000000000000001
173,-1.3700000000000001,0.76500000000000001
174,-1.375,0.76500000000000001
175,-1.3799999999999999,0.76500000000000001
176,-1.3799999999999999,0.76500000000000001
177,-1.3799999999999999,0.76500000000000001
178,-1.385,0.77000000000000002
179,-1.395,0.77000000000000002
180,-1.3999999999999999,0.77000000000000002
