maturity_days,forward_log_moneyness,heston_target_price,heston_target_implied_volatility,variance_reduced_price,model_implied_volatility,local_vol_price,local_vol_iv,hagan_sabr_price,hagan_sabr_iv,l1_sabr_sde_price,l1_sabr_sde_iv,variance_reduction_factor
8,-0.2000000000000007,0.030511348752042901,0.39512548947524201,0.043821148298665902,0.4054400983547754,0.017391976192640001,0.38041420644029977,0.0010703994096345,0.32455618721123303,0.00057504718948890002,0.3149173633476347,2.9434774473571963
8,-0.1900000000000007,0.044617628452215202,0.38697943795191803,0.058414539680628798,0.3948260134174067,0.029681180216435701,0.3758584389255219,0.0019205916250752001,0.31845813853381411,0.001254080442573,0.31151674544552749,2.9969349660443574
8,-0.17999999999999999,0.065213572156608196,0.378626951187787,0.078429468007986294,0.3841286505399315,0.047037340634691803,0.36937568081373662,0.0034580113434613999,0.31231635896186261,0.0025703000901486001,0.30724669028342849,3.0102486241152069
8,-0.16999999999999929,0.095269089959401698,0.37005164664152002,0.10820080215089201,0.3739519949527248,0.072295914547723203,0.36194956236793618,0.0062455895911852997,0.3061296414021733,0.0051389193348673002,0.30262500808873272,3.0220774780146105
8,-0.1600000000000005,0.13910550605760361,0.36123480857861501,0.14977863918172851,0.36356710546462728,0.10747654010280119,0.35339130179950412,0.011310897249287201,0.29989679140840292,0.0086969229079985003,0.29497859584822728,3.0641599692716812
8,-0.15000000000000011,0.20300674997361051,0.352154905601616,0.20800942883183809,0.35294716173359642,0.1579542093367417,0.3442473760906985,0.020529557757988402,0.29361664811406801,0.0148990253751537,0.287341683144896,3.1309200456703361
8,-0.1400000000000006,0.2961062283402498,0.34278708382349599,0.29425584871391958,0.34257579452759879,0.23458791818496019,0.33515436479815047,0.037321362860498003,0.28728811260677478,0.025773473867676502,0.27967296218251131,3.184634722820272
8,-0.1299999999999992,0.4316722518533424,0.33310236816453498,0.42215513448958109,0.33232096125743549,0.35408135638111649,0.32631606092835103,0.067906696969424196,0.28091018625520747,0.046842818688949697,0.27280803198003623,3.2069365763655777
8,-0.1200000000000002,0.62897166617949551,0.32306664294888898,0.61001385526493801,0.32194699660996479,0.53488560612606995,0.3172469452699791,0.12355542885180699,0.2744820223972701,0.087774332294211097,0.26649539600151928,3.2036207217495334
8,-0.1099999999999992,0.91597477141385764,0.31263938826336501,0.89089201849771815,0.3115740204365442,0.80073854590032101,0.30756234456104609,0.22456643964212469,0.26800299603802169,0.16370081765368491,0.26004333748974101,3.2186097309544413
8,-0.099999999999999797,1.3332868418110593,0.30177197089220698,1.309396546957607,0.30104069575228198,1.1984222567221332,0.2975202079436764,0.40720178632904691,0.26147279792885247,0.30722946493779291,0.25375348764253591,3.2638619923379162
8,-0.089999999999999206,1.9398835466190576,0.29040541550604099,1.924406997530836,0.29006227997620709,1.7891901679331506,0.28698522864963177,0.7355221862374961,0.25489156179998729,0.57977930358995711,0.2477142296654761,3.3535654593564401
8,-0.079999999999999294,2.8215398088968868,0.27846758737591598,2.8132138118965448,0.27833286033519278,2.6494481151108498,0.2756311783892666,1.3210365236626558,0.2482600368703346,1.10135780874809,0.242133003050332,3.5398146986852601
8,-0.069999999999999896,4.1033917325648872,0.26586982763977601,4.1117779711796532,0.2659695610165253,3.9104134790756913,0.26354124099736392,2.3541230548032388,0.24157982243620291,2.0488239641515862,0.2362857461589179,3.8604585120617601
8,-0.060000000000000199,5.9691682799111732,0.25250370826573998,6.0078574022549809,0.25284475308205578,5.7557798406758209,0.25060093064666722,4.1517284478953798,0.2348536878412735,3.7466945834769998,0.23035309258346459,4.3684561565681301
8,-0.049999999999999802,8.6921031270603635,0.23824029531843699,8.7731830049892476,0.23877573613075079,8.4876431283936942,0.23687919498612639,7.2245335869691303,0.22808601007511831,6.7175349802093329,0.22434128676353321,5.1740533090469514
8,-0.040000000000000598,12.68882591557758,0.222939634627529,12.808446418427204,0.22353956413193221,12.576782160810399,0.222375546514993,12.361037452411781,0.22128337331376161,11.775610971515595,0.21827824698732909,6.4111273232979116
8,-0.030000000000000401,18.625051148313105,0.20649496015069499,18.771722747749266,0.20706370834333429,18.671833889172099,0.20667653276453579,20.712282379110771,0.2144553903938452,20.128256401888105,0.21225573083392779,8.2867194471537644
8,-0.019999999999999199,27.653837056474917,0.18899428059644899,27.772158191260186,0.1893587429864125,27.958832561369309,0.18993302863784139,33.836751584982949,0.20761582514620799,33.369485948109784,0.2062354996269706,11.044007789626164
8,-0.0099999999999995995,42.016698273201655,0.171297636232319,42.065789891592097,0.17142365154272171,42.672161124624751,0.1729789971844484,53.634990114130687,0.20078411393153409,53.41820854161859,0.2002391670618113,15.09881876614846
8,6.6613381477509373e-16,66.381430870972494,0.15686523266252,66.562887491413846,0.15729405016743031,67.382700069828317,0.15923142970823609,82.089622651177706,0.1939873960171091,82.25104543871339,0.19436888327353899,13.692679591335075
8,0.010000000000000699,35.2149336268239,0.15276388080709,35.252436048258446,0.15286111358074231,36.07933409262634,0.1550019968981437,48.762554383289626,0.1872631444848491,49.24708017847599,0.18847856839425139,10.658392585384354
8,0.020000000000000798,18.846266110239199,0.15933689017696201,18.695228068482205,0.1588300918147052,19.332690537453672,0.16096128074853669,25.48651344824043,0.1806623973127765,26.166927414625359,0.1827611556917845,8.8188702912237691
8,0.030000000000000901,10.474527606229801,0.170167663078339,10.347329288010711,0.16956442032665739,10.659489075257694,0.171039483022593,11.352714146175458,0.1742533405035108,12.012898808822268,0.1772411552101982,7.1380876571958076
8,0.040000000000000799,5.9564908093752296,0.18184678004812499,5.8517984365583855,0.18111218820318811,5.9675988416782406,0.1819243370736327,4.1586548030904851,0.1681244764100277,4.6262268701366276,0.1719521480334994,5.3196779028773378
8,0.050000000000000697,3.4243218181005899,0.193305342837853,3.3228704643924072,0.19222018526726251,3.3824819826215342,0.1928600785032992,1.2076339965637146,0.1623857463916013,1.4495970249492802,0.1669539004399469,3.979145363908557
8,0.0600000000000004,1.9776575962649601,0.20425912135759999,1.8922018789415167,0.20283654017864419,1.9223118504757708,0.20334229449369959,0.2690834869213603,0.1571649753522143,0.35422158071655269,0.16206467411035769,3.1795866773536168
8,0.070000000000000007,1.1438961995514201,0.214667489131628,1.087817507024633,0.21319571593513639,1.0837043563055331,0.2130857871960507,0.045038661932401199,0.15259675606210821,0.068614078919180102,0.15810450534104389,2.7140404025582807
8,0.080000000000000002,0.66167661379103004,0.22456317767019399,0.6399934348950429,0.22366223433653881,0.60199068357450591,0.22203005402198681,0.0056509709381190997,0.14880297477439469,0.0109173943249021,0.15534061483424161,2.3872094891613624
15,-0.1999999999999999,0.7066095555865104,0.37814872626046903,0.73161842877352634,0.37956562708225872,0.60639893494812169,0.37207311214926331,0.1404849617902135,0.32436255736356129,0.10421265666843391,0.31644983890981698,4.2731687584428908
15,-0.1900000000000007,0.88344882474211772,0.37001826871400501,0.89615884538149193,0.37061209075444862,0.76806420781426854,0.36432345051302728,0.1948689478382892,0.31826814677496379,0.14825588918052249,0.31077497700569512,4.3611769996566485
15,-0.17999999999999969,1.1046852145182129,0.36167965013311898,1.1021448597954877,0.36158185112152569,0.97442002912072023,0.35644375452119448,0.27105247265885701,0.3121300313816347,0.2121213152067653,0.30515790811507781,4.4714215607316827
15,-0.16999999999999951,1.3815478982887726,0.35311683308689901,1.3616432771282081,0.35248591871376411,1.2350118637672034,0.34831347331433199,0.3780279256390599,0.30594700481051978,0.30284057898578548,0.29938734898323388,4.6012197541329902
15,-0.16000000000000009,1.7281556027110128,0.34431180753115498,1.6904596486017085,0.34332881247667141,1.5707757722599782,0.34010476126812211,0.52857180171304563,0.29971787332788019,0.43106149981287251,0.29342800342984537,4.7253924616162921
15,-0.14999999999999961,2.1622889180644052,0.33524424295599697,2.1081399063382902,0.33408310632468069,1.9969314840690049,0.33163424560703708,0.74084793381886982,0.29344147675980498,0.61035022348536594,0.28719404557481309,4.8505879852453102
15,-0.1399999999999991,2.7063883765804349,0.32589110670527599,2.6387967305929489,0.32469927814475641,2.5369773022711049,0.32286564096079229,1.0406798841530502,0.28711671684950968,0.86814896865004798,0.28098106803756118,4.9888249492993397
15,-0.1299999999999997,3.3888610964368127,0.316226290181436,3.312534077134706,0.3151190969593215,3.2243986911378921,0.31382023563349898,1.4647564702526523,0.28074259556146303,1.2475394605350296,0.27500577837234153,5.1457183879887713
15,-0.1200000000000002,4.2458097935077603,0.30622015047257001,4.1625994136960713,0.3052259282601994,4.0893127257656401,0.30434008018484993,2.065123313204225,0.27431826673868293,1.7994698063322934,0.26909278232400291,5.3340498867244444
15,-0.11000000000000019,5.3233656116290149,0.29583904790598198,5.2420418407705114,0.29503779896985738,5.1785231827907134,0.29440682077365332,2.9154182391299628,0.2678431057591027,2.5906737983363981,0.26305819865809371,5.576904768765707
15,-0.099999999999999797,6.680915505377925,0.28504497625792402,6.6142906018151288,0.28450289613976781,6.5510543453205496,0.283985499955686,4.1194185289292591,0.26131680355860742,3.725275295925059,0.2569375970326786,5.9002390738920596
15,-0.089999999999999206,8.3957004265694195,0.27379538513009,8.3522076516974089,0.27350253462999929,8.2932442044908878,0.2731041911662912,5.8225557823462282,0.2547394937876406,5.3535253734373756,0.25077870099994531,6.339622767244629
15,-0.080000000000000099,10.569614384598026,0.262043496290081,10.559977299336312,0.26198966657069578,10.509546952534832,0.26170756835011538,8.2270616612311755,0.24811192521812761,7.6861571463520626,0.2446061348338224,6.9620361971018117
15,-0.070000000000000603,13.33971164777995,0.249739747669871,13.365701631219901,0.24986053945165199,13.318601357031881,0.2496415526517389,11.611227052635511,0.24143569619223701,11.00176330377368,0.23836579913967229,7.8426203240456909
15,-0.060000000000000303,16.895279283250602,0.23683570503072399,16.93611274608481,0.2369942094791713,16.92766045129774,0.2369614135321142,16.352705638426642,0.23471357440146359,15.694223652968684,0.232096355048204,9.0739258941059564
15,-0.0499999999999996,21.507178016328002,0.22329355408681301,21.546743181720529,0.22342238976021869,21.630715740980548,0.22369552950125809,22.95459332112614,0.22794993422407289,22.277272343743903,0.22578524422235899,10.785763446591895
15,-0.040000000000000098,27.581478941508067,0.20910887405512199,27.587146406390399,0.20912445062049681,27.819753189952461,0.2097628649956409,32.070808211783515,0.22115135590797669,31.431531605238963,0.219470087371335,13.081806619868685
15,-0.029999999999999201,35.764200057657945,0.194367148059022,35.684638856563765,0.19418082386316299,36.140682151765027,0.1952474350354397,44.523747454572913,0.21432744655480979,43.952884998953479,0.2130561130445523,15.980214091440656
15,-0.020000000000000101,47.158735622519089,0.17939162642492901,46.947498566596153,0.17896308938682901,47.719880118435697,0.18052852746215159,61.302309401096409,0.2074919617839272,60.88898733948448,0.20668476223063581,19.364262427265835
15,-0.0099999999999994,63.781611315529517,0.16513896084480201,63.515452057627961,0.16465615125001229,64.609014403745078,0.16663906335821779,83.523139778568293,0.20066432636029871,83.361716836682973,0.20037569899945731,23.158476045774066
15,2.2204460492503126e-16,89.267523010021705,0.15405678363540201,89.179898199242189,0.15390554955048311,90.325442081686106,0.15588267829406849,112.3354146924753,0.19387166335995801,112.49243619497638,0.19414269050643609,17.831536775312514
15,0.0100000000000003,56.055034673026498,0.15004590213340399,55.946086786668246,0.1498484018016045,57.040711703963147,0.1518314740737868,76.745333764592942,0.18715142350842121,77.229403318750173,0.18801202338602799,14.636105819461395
15,0.020000000000000399,35.595730134053198,0.15388500408188699,35.452936416960831,0.15358521495279351,36.280659176406758,0.1553196808716561,48.697034251049899,0.18055461433451311,49.433945205466017,0.18201486773783529,13.156604350905686
15,0.030000000000000901,23.467756592889501,0.162175399600338,23.434394947089505,0.16208936564942469,23.90753770597124,0.1633060049694656,28.247394228315443,0.1741493811611613,29.101035241118677,0.17622312725490449,12.192837446202423
15,0.040000000000000799,15.962367048689501,0.17214700711608899,15.990267409326275,0.17223801787068829,16.238381225650102,0.17304461097172619,14.71904690070278,0.1680241735409411,15.488389084530969,0.17059107526933009,10.48104370820422
15,0.050000000000000197,11.0885785814089,0.182540327225512,11.12072523661222,0.18267505924835631,11.248330530940285,0.1832080990218185,6.7692226388555241,0.16228886724223759,7.3470129429511122,0.16531088382290521,8.2349446880002457
15,0.059999999999999998,7.8099244472909399,0.19284595054445899,7.7974184628624323,0.192777902995901,7.8939317631614134,0.19330159404179201,2.7063199825440165,0.1570712109088428,3.0706046423320279,0.16053627611454291,6.3211564532463473
15,0.070000000000000395,5.5508950606483403,0.202864447834116,5.4940666418462314,0.202460046833255,5.5760321286099641,0.20304258454035429,0.93228702986026235,0.152505717013106,1.118675794183595,0.15629204410020969,4.9709380188232366
15,0.080000000000000696,3.9692448182625002,0.21252631808400099,3.8849534994873087,0.21173750897469029,3.9475337563527368,0.2123241106994882,0.27709309229181039,0.14871419909094141,0.35370281192803349,0.15263322825034081,4.0687818111475442
22,-0.2000000000000007,2.4480061986923829,0.36225204859029703,2.4548996087364592,0.36238814211403342,2.3298421279761024,0.3598778179588446,0.99250998786629197,0.32416892751589038,0.83013424167613448,0.31776008292309371,5.6043009935860963
22,-0.19000000000000031,2.8900339905248984,0.35423985374408701,2.8710830606407223,0.35391590702165349,2.7608096158750608,0.35200211728637171,1.251546767959141,0.31807815501611347,1.0554549792664749,0.31178289361741901,5.746026378694121
22,-0.1800000000000003,3.4133213502254875,0.346032531278467,3.3668910986483023,0.34534567615888467,3.2720830823668523,0.3439237035163209,1.5819192174705208,0.31194370380140718,1.3459078740335582,0.30578313860579898,5.9084318707522137
22,-0.17000000000000021,4.0333492762065362,0.33761694828866401,3.9589360181512649,0.33666470192594539,3.883970874360148,0.33569373597246521,2.0041963396025291,0.30576436821886638,1.7216461688239482,0.29976860307184439,6.0846258832558773
22,-0.16,4.7687716260616071,0.32897871524475197,4.6668952490053446,0.32785131999835021,4.6171420749006948,0.32729513049655079,2.5450887764260277,0.29953895524735769,2.2143487891264639,0.29383691268333828,6.2716485745739723
22,-0.1499999999999993,5.64216519072761,0.32010207640166299,5.5185662072488997,0.31891970978174078,5.4860116880030718,0.31860560135990201,3.2393153749246864,0.29326630540554222,2.8567382279425044,0.287904556288679,6.4721136277407219
22,-0.13999999999999929,6.6810039560323284,0.31096981160298198,6.5490941180830271,0.30987945712357451,6.5224354633348742,0.30965751728347141,4.1320298786084209,0.28694532109224552,3.6940089780861576,0.28194881011977702,6.7008043702880729
22,-0.1299999999999995,7.9189463638749658,0.30156316482015699,7.787302552637124,0.30062272901354559,7.7604588625186057,0.30042984113708171,5.2819631626759076,0.28057500486771803,4.7847103101724535,0.27594928723332113,6.9736791069780262
22,-0.1200000000000002,9.3975695653462044,0.29186182762230201,9.2818437528870437,0.29114719122726079,9.2475012058183079,0.29093416456501431,6.7654686954726628,0.27415451108009581,6.207025995430218,0.269907021404724,7.3052042871153091
22,-0.1099999999999991,11.16875778535541,0.28184402868618003,11.076759941957382,0.28135260309229032,11.031553998010123,0.28111032727816909,8.681689206211388,0.2676832154801822,8.0542887543016057,0.2637672757541511,7.7310575712476313
22,-0.099999999999999298,13.298072839478664,0.27148682008316499,13.234690784188864,0.2711936974054609,13.18672336031101,0.27097138696462297,11.159082277366906,0.26116080918836199,10.4646292262429,0.25758892256736787,8.2923237932266964
22,-0.089999999999999997,15.86964135444032,0.26076672951862101,15.828448109534868,0.26060160423525519,15.822518022378071,0.26057781613095821,14.363535868337522,0.25458742577529447,13.603939451860148,0.25135032539723029,9.0242298923501831
22,-0.080000000000000002,18.993457443605621,0.24966110442661099,18.97823419802668,0.2496081525887423,19.031694166485572,0.2497940210439164,18.508244102597587,0.24796381356591979,17.684460823381915,0.2450352228824369,9.9722660004233976
22,-0.070000000000000104,22.816665204501987,0.238150797810494,22.829519784047815,0.23818965327580141,22.949630007045879,0.23855227239152019,23.865354053981378,0.24129156994827039,23.011237232125723,0.23873796273519179,11.213520482179437
22,-0.059999999999999401,27.541651308184555,0.22622554891886201,27.563002199196088,0.2262817539269103,27.758760727964354,0.22679632145752079,30.779066665110008,0.23457346096165299,29.921839501030394,0.2323956544073468,12.80767648814045
22,-0.0499999999999996,33.456284285135553,0.213895008154006,33.46923061252641,0.21392477911487021,33.762231778627267,0.21459755677795769,39.679281267095348,0.22781385837302751,38.845968665015647,0.22599173371143039,14.809850993361479
22,-0.040000000000000202,40.986769264838586,0.20121214274209601,40.968704497109456,0.20117567941545969,41.403980858944607,0.2020530775956044,51.093890574172072,0.22101933850219219,50.333775290087942,0.21956619208796829,17.215825946734341
22,-0.0300000000000001,50.794149183561785,0.18832502057981501,50.752224973688762,0.18825014198196999,51.341257325450805,0.18930104083529181,65.65634282735391,0.21419950271577559,65.042465642484458,0.21315342187608649,19.889536910751399
22,-0.019999999999999501,63.954971342278441,0.17559494406526799,63.92637537708913,0.17554909803700069,64.671128536381346,0.17674227939530959,84.103059316706094,0.2073680984216453,83.694122874521696,0.2067319504427266,22.605182382475611
22,-0.010000000000000101,82.279799695455949,0.163856898303198,82.349468901165267,0.1639598216790247,83.184590484398981,0.16519325337758539,107.25297097672228,0.20054453878906389,107.1283899828956,0.2003623487208176,25.362152413492325
22,8.8817841970012484e-16,108.651944537147,0.15483446322236999,108.91958798822496,0.15521591464659029,109.6841380240548,0.15630557031111919,135.95966253463257,0.19375593070280589,136.17235302780588,0.19405909293155241,18.594381761893644
22,0.0099999999999995995,74.281958773047293,0.15091538167681101,74.56058130505798,0.15132511270646759,75.304601783240685,0.15241884904592051,99.017027078715273,0.18703970253199331,99.543273656821299,0.18780387770573231,15.687795529454274
22,0.020000000000000101,51.016882067678999,0.15287442487511199,51.112028823968238,0.15302913930960771,51.858285898402769,0.154241076484782,68.343413068655991,0.1804468313562492,69.134275489909939,0.18168171434518729,14.249564984606858
22,0.029999999999999801,36.011642226920898,0.15890965107883701,36.049794247709883,0.15898163443023661,36.64259082606884,0.1600976446355033,44.242283648724417,0.17404542181881261,45.193499895618181,0.17575020505360789,13.548325223061491
22,0.040000000000000098,26.136802772326,0.16697598222805801,26.280366356846898,0.16729853502698089,26.591715251541789,0.16799604634719709,26.559441454790431,0.1679238706718548,27.532020732920152,0.17008635639800529,12.542355768894646
22,0.050000000000000197,19.3840263777291,0.17587952043392799,19.56826055769173,0.17637927250758559,19.69837954091436,0.17673109751103899,14.62187793146677,0.1621919880928738,15.473182666120891,0.16476323148055669,10.760041723376508
22,0.059999999999999998,14.6052040245124,0.185035351909771,14.734257569278176,0.18546153208550889,14.789241446847225,0.18564259230405139,7.315168202165296,0.15697744646547099,7.9646743394730466,0.15992876081622501,8.7112427283951668
22,0.070000000000000603,11.1323688110629,0.194164341598552,11.149586474508393,0.19423397018302219,11.205894288654152,0.19446130569672229,3.3104100865093078,0.1524146779641038,3.7393208722558429,0.15568730893303101,7.0033131550929024
22,0.080000000000000196,8.5579067730896607,0.20313368984847799,8.4608366740564147,0.2026508950909206,8.559983505568491,0.20314398657265809,1.3584375030324196,0.14862542340748841,1.6013834058109433,0.15210651831601679,5.7583558354590076
30,-0.2000000000000007,5.2802101546412814,0.34659339798634697,5.3437038816505344,0.34724088688522869,5.1575583788387727,0.34532856856683419,3.3530012976761441,0.32394763626140888,2.9390222833715471,0.31801873224237509,6.706354326607233
30,-0.19,6.0376981334165976,0.33883684480170201,6.0795469285759696,0.3392167650187598,5.9025157102790828,0.337598327867079,3.9996404599924342,0.31786102157742729,3.5412135216984577,0.31223376991079688,6.8823824019060389
30,-0.17999999999999999,6.9085708952761706,0.33090887401229002,6.930430023091783,0.3310854660214832,6.7529037343734482,0.32964136087980711,4.7807974204918082,0.31173075799543221,4.2723439296549,0.30638045328673102,7.0794541502080079
30,-0.1699999999999999,7.9112317781064121,0.32279995378946802,7.9086262522615645,0.3227812243731466,7.7312619414025336,0.3214975391548956,5.726380011408196,0.3055556406855478,5.1631448536987632,0.3004738332263619,7.3050575491580112
30,-0.15999999999999981,9.0675424930223016,0.314499917346928,9.0434835271063356,0.3143460862365004,8.8651921814829127,0.31319863109856921,6.8733114585175201,0.2993344774410463,6.2464851745296279,0.29448212837800308,7.5648791038627028
30,-0.14999999999999919,10.403637763147344,0.30599796687735598,10.359831411766924,0.30574888119970189,10.174437121173144,0.30468807515589141,8.2672317962011164,0.29306610957209928,7.5748248951885122,0.28846491100201638,7.8680781080743056
30,-0.1399999999999991,11.950989394422322,0.29728270145285501,11.89380162492461,0.29699360113074069,11.704094438606894,0.29602908401190081,9.9646105929739406,0.28674944022680071,9.2055528100693529,0.2824155089148267,8.2201751683515614
30,-0.1300000000000005,13.747819313616674,0.288342198628526,13.686781546653094,0.28806792033979978,13.501387376554275,0.28723084134146187,12.035362057765894,0.28038347264629609,11.2118595962289,0.27633838154511881,8.6304741405254024
30,-0.1199999999999994,15.84100719799153,0.27916418164811302,15.791993860240437,0.27896843952316852,15.622822133015127,0.27829043907356588,14.566066844325633,0.27396736175599562,13.670249958661236,0.27017402010132741,9.1137895806230507
30,-0.1100000000000006,18.288713158016435,0.26973632993412799,18.267966162187701,0.26966269012197258,18.122453788693381,0.26914505719138071,17.663914827363897,0.26750048373284641,16.709699787701847,0.26400953466291349,9.6873603799381982
30,-0.099999999999999395,21.164057747682818,0.26004683815928098,21.185351542122444,0.26011402818389989,21.06989939951805,0.25974935771151048,21.461484872530605,0.26098252990808207,20.458460918781967,0.25780242196978759,10.395968539201313
30,-0.090000000000000302,24.560403198732278,0.25008541160461301,24.629602229479879,0.25027962341143067,24.540867318939423,0.25003053983808748,26.122462742940911,0.2544136337611842,25.072211369618127,0.25151628675534943,11.272506170884292
30,-0.0799999999999991,28.599117893561012,0.23984502714185801,28.710495495283112,0.2401233001018494,28.663759024434579,0.24000658376604281,31.848352939032225,0.2477945431062534,30.774102379705084,0.24520344720160661,12.352858509367366
30,-0.069999999999999701,33.441329402126939,0.22932515236152701,33.591316751486481,0.22965915294503941,33.599634469214884,0.22967765925909381,38.886142577509645,0.2411268542408799,37.815052553274334,0.238854328559928,13.671032697185955
30,-0.059999999999999699,39.306222065077243,0.21853763092679601,39.476590046666402,0.218876416303422,39.569973532708097,0.21906191096490579,47.536692260248174,0.2344133313161563,46.484438093839486,0.23243450910655011,15.235381686081167
30,-0.049999999999999899,46.500489167825442,0.20751788603023699,46.672449963201899,0.20782414089662871,46.880208867827761,0.20819372787656229,58.16331289261484,0.22765834311469019,57.194563016302105,0.22602863510220381,17.034804800454648
30,-0.039999999999999897,55.467186694217162,0.19634676484000299,55.612420939897149,0.1965795200573848,55.947677715597685,0.19711628119014399,71.199476433608879,0.22086846146700989,70.366580705229936,0.21960051814746859,18.99093658674029
30,-0.030000000000000301,66.868496652408794,0.18519420817075499,67.004197715077808,0.18539143254679599,67.46364892685223,0.18605869341748901,87.153833175552336,0.2140532811854505,86.522978680725672,0.21317180337989519,20.99429985628262
30,-0.020000000000000202,81.723907160484487,0.174406360329385,81.889992589695851,0.1746281613068662,82.506020545484006,0.1754504544344653,106.60961880865534,0.20722654029332441,106.2177566656423,0.2067151034194302,22.924008381249397
30,-0.0100000000000002,101.61062488656626,0.16466388104510299,101.93766885741373,0.1650741542937938,102.52175731670496,0.16580677556465609,130.2141695111568,0.20040763870765249,130.12583476877202,0.20029760683903791,24.941835728879202
30,2.2204460492503126e-16,128.78249974028,0.15716226576527501,129.25045192811351,0.15773343760566899,129.74996517421124,0.15834313332569969,158.65288874548833,0.1936236648089189,158.90146666526488,0.19392711316228201,18.085035105909249
30,0.0099999999999995995,93.571881697283999,0.15339239002965799,93.837902978534601,0.1537239094787993,94.530404485186565,0.15458674418965951,120.59110597390418,0.18691202141607521,121.19024152811184,0.1876524739667943,15.47513482028786
30,0.0199999999999999,67.950638159706202,0.153999695503409,68.042713989508826,0.1541229741211364,68.828681009451628,0.15517447618982891,87.906619324467556,0.18032365080966209,88.79397711342645,0.1814788302043267,14.059462729627739
30,0.0300000000000007,50.2190247386959,0.15810922421082901,50.409167510886661,0.1583937208144183,50.903333218394209,0.15913206737534191,60.999339540310302,0.17392661114184119,62.10665980878597,0.1755196949540202,13.446204078319743
30,0.040000000000000598,37.935520228652003,0.164337713526058,38.205287849498426,0.16480005287459759,38.449678275824994,0.16521809898390311,39.97420376900709,0.16780923882146989,41.163381170304561,0.16981132683500841,12.865554857206154
30,0.050000000000000003,29.214186051507799,0.17166658596651199,29.454154086805875,0.1721445412482458,29.590568361170547,0.17241563740362101,24.552163078966487,0.1620812690650294,25.705837187969038,0.164510683816944,11.806952618524209
30,0.059999999999999998,22.8466017963738,0.179505746754616,22.998565030739265,0.17986047504847119,23.077219719028111,0.18004370743224379,14.050917704258724,0.1568702871016176,15.034119343098338,0.15966220325702249,10.297949967603952
30,0.070000000000000395,18.082547790877101,0.187534228198143,18.12407020595705,0.18764840184422801,18.1930405775114,0.1878377894451197,7.4750276751503861,0.15231063333667291,8.2068862265057501,0.1553505231534128,8.6851465200344062
30,0.080000000000000696,14.446650774821199,0.19557831242077101,14.398002090641656,0.1954202877309823,14.461845082723382,0.19562761460254971,3.7077075326659781,0.14852396548354199,4.2118723185464777,0.15184584052620731,7.2540143574376419
60,-0.2000000000000007,18.865522518082798,0.30850174666483798,18.98314296212293,0.30890461846620809,18.838990944350563,0.30841068535436039,23.381228547157772,0.32311779405710322,21.186476203244165,0.31621925179852728,9.6564539745867126
60,-0.19000000000000011,20.719931866526167,0.30196762242165098,20.775984349425883,0.30214515421509519,20.71328365934351,0.3019465492882657,25.760111827576448,0.3170467711823548,23.483410272238384,0.3104421422889434,9.8612570594980635
60,-0.1800000000000001,22.780892994876009,0.295334482669038,22.777547298619258,0.29532468769152731,22.801276125471837,0.2953941412091301,28.421869144113089,0.31093221122302728,26.066506882836528,0.30462611082074159,10.087090146229809
60,-0.1699999999999999,25.076170372926757,0.28859961812693902,25.021399777936157,0.28845145648109,25.129027050983776,0.28874245054352798,31.405245206392351,0.30477291243560339,28.97683153013687,0.2987719927067724,10.337039086372746
60,-0.16,27.638273291411679,0.28176050029358601,27.528634282661532,0.28148650859258662,27.724988329676325,0.2819768351780253,34.754988492537791,0.29856768566737862,32.257246775781383,0.29286959020782288,10.615835649629233
60,-0.14999999999999969,30.505501544414983,0.27481491190778501,30.343486059568971,0.27444095149167769,30.630099834229998,0.27510188162695609,38.522878604024413,0.29231537519668871,35.957842637060153,0.28691125235011561,10.927009855233251
60,-0.14000000000000029,33.723282365193882,0.26776113594740297,33.518722551898982,0.26732510958205719,33.881677678542196,0.26809795290781091,42.768940463687727,0.28601488698138372,40.151066197303663,0.2809188139194308,11.274095163937044
60,-0.13000000000000039,37.345897865678126,0.260598230566155,37.116247755589335,0.2601462270625996,37.529803231216064,0.26095934547234978,47.562878721673428,0.27966522681596079,44.910633034377732,0.27489158458092278,11.657652393055583
60,-0.1200000000000002,41.43874220149155,0.25332643152269801,41.190880061301804,0.252875905040644,41.656209543907337,0.25372081369590449,52.985770180459554,0.2732655517906229,50.304417017646209,0.26879904699736168,12.085886563022004
60,-0.11000000000000019,46.081305924219123,0.24594774595655,45.830648671986317,0.2455268874515307,46.335885497724057,0.2463742968296293,59.132055906480559,0.26681523968033338,56.439143316007161,0.26265858032734318,12.560555460676207
60,-0.099999999999999298,51.371170379002251,0.23846683687475101,51.124775253988261,0.23808448675340679,51.68445674054491,0.23895204457264199,66.111876903851453,0.2603139826070317,63.444510938625832,0.25649301245500827,13.086033507706521
60,-0.089999999999999705,57.429420351357294,0.230892354782014,57.195328085004121,0.2305563509562607,57.817950058301491,0.23144903774112999,74.053795943297928,0.25376191370826939,71.445287464755111,0.25028729382507842,13.658287022694436
60,-0.080000000000000099,64.408065467242523,0.223238964959664,64.1979469534934,0.22295966205869519,64.889399000906465,0.22387776133617951,83.107940252433991,0.24715977888250679,80.600224135999653,0.24404600052291561,14.274313388275267
60,-0.069999999999999202,72.500318039167723,0.21553046667176501,72.329598548686505,0.2153199370950491,73.086722899859623,0.21625261721908151,93.449580134353042,0.24050917033816679,91.090813646593375,0.2377706048492145,14.920995170083854
60,-0.060000000000000303,81.954909818607121,0.20780463147411299,81.849066141313031,0.20768323432800229,82.660816480225932,0.20861335709934239,105.28311885621542,0.23381284514554279,103.12810177517696,0.23146444032344421,15.589080957389063
60,-0.050000000000000398,93.095972668527807,0.20012072265341499,93.063364979561143,0.2000858126090555,93.886884088022839,0.20096677690587261,118.84639614617096,0.2270751608959248,116.95294575327311,0.22512931993326571,16.266507410211485
60,-0.040000000000000299,106.35003844094081,0.192571046742751,106.4094375425439,0.1926307108944986,107.20869621963118,0.19343306947681271,134.41508107104892,0.22030267258507641,132.83293299971623,0.2187604090326746,16.945684821914178
60,-0.030000000000000401,122.28036477020578,0.18529798272476899,122.41155273935122,0.18542250787074349,123.24710178065412,0.1862153122681017,152.3067200499836,0.2135049504467306,151.10598476233938,0.21238673816814829,17.64355529535128
60,-0.020000000000000101,141.62310074737434,0.178516431526001,141.76574162101176,0.17864566642352619,142.68409780838152,0.17947754468495439,172.88367126736784,0.2066956973121182,172.13002544579277,0.20601924315195169,18.391756314947521
60,-0.0100000000000005,165.30341644641612,0.17253499441491901,165.29443697365531,0.17252712277211851,166.46613796560931,0.17355420886705891,196.5536487621066,0.19989426340235911,196.29273660015448,0.19966608665566909,19.262174969508774
60,6.6613381477509373e-16,194.37684901386299,0.167752088839733,194.05003473875516,0.16746993145740929,195.51659895661987,0.168736104197587,223.76587782167556,0.19312766770684009,224.02193378775192,0.19334877742077511,14.193497946521012
60,0.0100000000000005,157.80614031778401,0.16458250702980601,157.24384766556329,0.16409400892063281,158.95670189224177,0.1655819743022113,182.98969526364863,0.18643321723138259,183.80398945468048,0.18713896115784889,12.575514457980054
60,0.0199999999999999,127.407615518345,0.163297634510327,127.02366624368288,0.1629541043004408,128.41210816987399,0.16419607529617289,145.99930100621941,0.17986172375995951,147.35054646473955,0.18106080032080199,11.464766087642174
60,0.029999999999999999,102.99545336409,0.16388213938669699,102.92968034264536,0.16382019586512531,103.87313971112754,0.16470827236145519,113.24556532735596,0.1734810711032013,115.08656135636008,0.17519450098621939,10.750990628078339
60,0.039999999999999702,83.781746811751901,0.16605616199727299,83.913345814488508,0.1661890054953909,84.533340626170187,0.1668143635548045,85.094198280535238,0.16737936938252779,87.316796483279944,0.16961199809499861,10.283037911915685
60,0.0499999999999996,68.741899183700994,0.169431631073196,68.903670981065957,0.16960911568215969,69.410979867097964,0.1701650661527894,61.754869254993537,0.1616660727106132,64.182831194416721,0.16438767369488541,9.9212514062713169
60,0.0600000000000004,56.916059563875301,0.17364823938107299,56.996769056162819,0.17374545272952061,57.470966039190849,0.174315823633762,43.208326473191846,0.15646843948716699,45.650595248394552,0.15964023494791621,9.5611795688583516
60,0.070000000000000007,47.529432214337497,0.17842639418377301,47.455168377721762,0.17832748638565021,47.947016474963007,0.17898160089132559,29.158396983962803,0.15192046598380721,31.428457482173123,0.1554768587417934,9.1460126147087557
60,0.080000000000000196,39.996368416670002,0.18356650957760501,39.743388959277112,0.18319208941905279,40.304469765009408,0.18402132584774769,19.041627173735836,0.14814349826874321,21.008669273516091,0.15201568082943431,8.6573775457242927
90,-0.19999999999999971,34.158283412347373,0.288228007152243,34.178849210130537,0.28827062037791368,33.950262300401526,0.28779628628721809,52.403151960617492,0.32228795185279702,47.2005444258699,0.31321346693425928,8.681128025461371
90,-0.19000000000000031,37.058568679884957,0.282692202116688,37.054438130103719,0.28268418425271341,36.876749350633936,0.28233887576394462,56.121704228881413,0.31623252078728248,50.837424775396208,0.3075163687093585,8.8178321888494722
90,-0.18000000000000069,40.24741958800314,0.27709536337517998,40.223146543415808,0.277051226165489,40.090561335462539,0.2768099258698174,60.171984968833954,0.31013366445062263,54.824813606532558,0.30179329956197049,8.9659105872137204
90,-0.17000000000000029,43.760319022664589,0.27143748707006699,43.726550647703192,0.27137996814780452,43.630556575754291,0.2712163521062263,64.590424845170674,0.3039901841856591,59.19441048458841,0.29603073408947639,9.1215828136535606
90,-0.1600000000000007,47.638308028226682,0.26571905296507198,47.59584471362426,0.26565129223383011,47.525716330061677,0.2655393294873668,69.418260458828399,0.29780089389371123,63.982478658033024,0.29021699480900509,9.2888226663946512
90,-0.15000000000000069,51.929088608598249,0.25994119430235901,51.882341219052819,0.25987129772557338,51.849717902715753,0.25982250442082622,74.702274727138615,0.2915646408212782,69.250527117094165,0.28436877110368047,9.4709542176561037
90,-0.13999999999999951,56.688394626820809,0.25410592635693802,56.651804294997511,0.25405465215141337,56.631285293190338,0.25402589321710062,80.495665771421955,0.28528033373596551,75.05770789840092,0.27848758709377519,9.6656994794395192
90,-0.12999999999999989,61.981706818231032,0.24821645571020601,61.964503432225136,0.2481938537199237,61.93554760287082,0.2481558060907825,86.859068059191941,0.27894698098562531,81.46549123938054,0.27256791405711928,9.8753780461480591
90,-0.1199999999999995,67.886411305601541,0.242277601205067,67.903713756730795,0.24229892523896521,67.845008439823999,0.24222656757856961,93.861753645551744,0.2725637418252489,88.549033920967432,0.266610597226135,10.098902583009606
90,-0.1099999999999997,74.494530999824747,0.236296370200901,74.556652750916911,0.23636824165473139,74.452435419191602,0.2362476570475246,101.58304576415094,0.26612999562782041,96.382171014384795,0.26060381388912668,10.338819293023812
90,-0.099999999999999895,81.916196377001143,0.23028275144864499,82.042042024068039,0.2304195637305789,81.851524491940296,0.23021241974949541,110.11398140508732,0.25964543530598161,105.07466693047355,0.25456266074207901,10.594219271970625
90,-0.090000000000000094,90.284064669027444,0.224250810176962,90.487477047748683,0.22445887778053919,90.188408911954198,0.224152921891731,119.55926321656489,0.2531101936553552,114.72438924588624,0.24847481879855071,10.861854701308609
90,-0.080000000000000501,99.758937098115894,0.21822020253847699,100.04716088027662,0.21849807185462469,99.620521805707,0.2180866916660881,130.03954281148344,0.24652501465875989,125.4585117410253,0.24234317631458011,11.143650565063121
90,-0.070000000000000298,110.53684133618481,0.212218263474685,110.9024686996774,0.2125512311995445,110.39011488908304,0.21208457898459851,141.69407504967398,0.23989148643545469,137.42108915281725,0.236169713832865,11.441229852431194
90,-0.059999999999999401,122.85778911823309,0.206282853937855,123.24742076196708,0.20661900203872061,122.73194275193926,0.20617424230142109,154.68377204665171,0.2332123589749282,150.79418179146433,0.2299715214527322,11.752995142779218
90,-0.049999999999999697,137.01617076945877,0.200466148645322,137.38024974127384,0.20076481711070129,136.89657027603008,0.2003680113652464,169.19465954254201,0.2264919786771584,165.75051530842441,0.22373802114599339,12.08159652590922
90,-0.039999999999999897,153.37207044523802,0.19483942432656301,153.67060357467835,0.19507339077306099,153.24152841956189,0.19473710102699551,185.44168506169308,0.2197368837031424,182.52041623583179,0.21748640249763659,12.436336769731042
90,-0.029999999999999302,172.36124568720061,0.18949849804997701,172.53289002258103,0.18962779122821971,172.2237445509881,0.1893949173236123,203.67272761655067,0.21295661970801011,201.36845352453329,0.21123806292165331,12.827191134677644
90,-0.019999999999999501,194.49851507551463,0.184568464233068,194.49049436359681,0.18456261300627899,194.35081646459136,0.1844607145788586,224.1724817994218,0.2061648543309117,222.57513595082185,0.2050046450037549,13.273418750356967
90,-0.0099999999999990999,220.36461076635987,0.180204480614022,220.1779226684753,0.1800713339040235,220.18260981308177,0.1800746768072517,247.26558893961689,0.19938088809706439,246.43583427511365,0.19878964279501149,13.812240325863977
90,4.4408920985006252e-16,250.56219116832099,0.176582929795111,250.33435945679545,0.1764222633256913,250.31879433635845,0.17641128684399279,273.31790286304704,0.19263167060476211,273.31521165202287,0.1926297724198287,11.199112639804248
90,0.0099999999999995995,213.61980564529699,0.173876912052122,213.61528862147,0.17387372130352971,213.36755927534912,0.17369872848161619,230.72379267057704,0.1859544130466908,231.58840238606089,0.18656471610421849,10.15990963177568
90,0.020000000000000798,181.18253621672599,0.172216802963608,181.51938675179721,0.17245848616718509,180.96755031463408,0.17206254571211541,191.20418118376665,0.1793997967102566,192.95471575299635,0.1806530095608242,9.3511774093774562
90,0.030000000000000901,153.32263218182999,0.171651343915219,153.88538979934251,0.17206718884257169,153.14777935414776,0.17152211291297659,155.19647321233381,0.17303553106456049,157.7759622149967,0.1749388076042204,8.7453131689130679
90,0.039999999999999702,129.81315852083699,0.17213331263161499,130.43345197430284,0.17261153092985729,129.63994350951685,0.1719997202168676,123.11391536408836,0.16694949994358541,126.39610296476388,0.16949366455013751,8.3073500031834335
90,0.050000000000000003,110.201752298806,0.17353950489383799,110.72043401847904,0.1739614632287548,110.03709348837748,0.1734054797921018,95.293463577171437,0.16125087635619639,99.124798873765073,0.16444072807547619,7.9972047468463296
90,0.0600000000000004,93.929733532284899,0.17570973972086801,94.218511193787478,0.17595999522880079,93.749300308339784,0.17555329058682209,71.929001757416017,0.15606659187271671,76.062749602388152,0.1598563959302689,7.777671014349794
90,0.069999999999999798,80.435313242580605,0.178482137602226,80.433373245711465,0.17848033299529101,80.228354946931631,0.17828955860741841,53.004639596301558,0.15153029863094139,57.167112741012282,0.15584627659681541,7.6133985863890619
90,0.080000000000000696,69.2136717508494,0.18171364130387399,68.917038446269913,0.1814156837675773,69.023243041116885,0.1815224066266295,38.25575107248369,0.14776303105394409,42.21685794264841,0.15253480367271799,7.4761932618083762
180,-0.1999999999999999,83.112878703865135,0.26137040505732001,83.071392762008102,0.26132887121061632,83.147460838973501,0.26140502117982639,148.20143735526449,0.31979842523988022,127.1705168024458,0.3020753451677391,5.658316891588929
180,-0.1900000000000005,88.956111257592966,0.25763971205669101,89.076749485683777,0.25775486252097451,88.98979483622648,0.25767186905466227,153.88878533985894,0.31378976960206501,133.01530084838467,0.29675251457614171,5.712575592663657
180,-0.18000000000000049,95.280759513103476,0.253897678126902,95.551130798731663,0.2541438564626799,95.322265980156359,0.2539354862447108,159.90504733149169,0.30773802413340728,139.22258974772942,0.29138711472324669,5.7688617858832201
180,-0.1700000000000006,102.1344909510326,0.25014701713905702,102.53484056260308,0.25049495058380028,102.19345904790951,0.25019829297092289,166.27772554538524,0.30164199943582609,145.83098032404294,0.28598449207631488,5.8276213252391615
180,-0.1599999999999997,109.57061628338217,0.24639102141767599,110.08451575537798,0.24681758898383219,109.64969483496245,0.24645670206779241,173.03745715424247,0.29550051857270759,152.87330788355592,0.28054229371724959,5.8891915211446753
180,-0.1499999999999993,117.64884743490713,0.24263367527778101,118.2502846310238,0.24311085171397739,117.7391522371546,0.24270536841097909,180.21847506053905,0.28931243769504411,160.38475358599402,0.27505727311631972,5.9539938241278199
180,-0.13999999999999951,126.43615567467803,0.23887979082119401,127.10224902097234,0.239385345440701,126.54100319971944,0.23895941729625389,187.85915181578639,0.28307667399971231,168.41842576654815,0.26953609127416878,6.0228673413546092
180,-0.1299999999999992,136.00773617017967,0.235135169740397,136.70470851610881,0.23564170759622821,136.13052822693561,0.2352244596267371,196.00264426862577,0.27679224349461939,177.02579685826692,0.26397999032217478,6.0960059145119549
180,-0.12000000000000061,146.44808063455912,0.23140679494981301,147.14089760111207,0.23188946951691269,146.60771617409506,0.2315180584621464,204.69766064940336,0.27045831192912961,186.25766813206025,0.2583858197977838,6.1738430873145296
180,-0.1100000000000005,157.85215144062749,0.227703055477949,158.50023429820575,0.2281364175343098,158.02604138005202,0.22781937044958339,213.99937690542171,0.26407426347028268,196.17957488112719,0.25275611236638967,6.2572698555450161
180,-0.099999999999999298,170.32663663822132,0.224034006837035,170.88651229174243,0.22439385580995,170.50316378256483,0.2241474909270548,223.97053536574549,0.2576397934028305,206.86419734428983,0.24709299938148299,6.3470672140289066
180,-0.090000000000000399,183.99124304752692,0.22041166645618401,184.42665205130783,0.2206810978812406,184.17132937758456,0.22052311725622539,234.68276638089128,0.251155033496612,218.38437817862021,0.2413935000658555,6.443549976140309
180,-0.079999999999999905,198.97995052507397,0.21685033887482,199.26209035920004,0.21701874476588959,199.17627179058883,0.21696752442338371,246.21818247563851,0.244620721987518,230.83022439916925,0.23565965484258819,6.5478754279185001
180,-0.069999999999999896,215.44210057240161,0.21336695709884801,215.5776164404725,0.2134451495170604,215.67969757020856,0.2135040461306506,258.67130450567174,0.23803843472731609,244.3164508769687,0.2299013450839299,6.6616744276708113
180,-0.059999999999999797,233.54312299709363,0.20998141342422499,233.54779464384561,0.20998402564126081,233.80168661989688,0.21012598509343189,272.1513894171253,0.2314109004630869,258.9522300304227,0.22411788307377661,6.7865241418335698
180,-0.050000000000000301,253.46461422854367,0.206716833808854,253.40990610070747,0.20668710367656731,253.75069606143191,0.20687229186357761,286.78523726795999,0.22474243202086139,274.87151796821564,0.21831505784735139,6.926183608894628
180,-0.040000000000000299,275.40337597017151,0.203599724197121,275.40522951519517,0.2036007063374142,275.71445783541003,0.20376455269877991,302.72055642493751,0.2180395170573419,292.22999501255168,0.2125020686903917,7.0839689273671489
180,-0.029999999999999898,299.5689230656817,0.20065988718261199,299.76289506446932,0.20076047569060229,299.88504131787641,0.20082381631302931,320.12995069399221,0.21131162749185051,311.2038867489083,0.2066899841739071,7.265014413942966
180,-0.0199999999999999,326.17891784281164,0.197929980393629,326.6773985273141,0.19818402535792981,326.48882960132369,0.19808792397419109,339.21554206295286,0.20457232538729431,332.00063471686587,0.20089663618728409,7.4746848937344907
180,-0.0100000000000002,355.45205690866533,0.19544457904379001,356.29386354313203,0.19586816151293551,355.75248692562303,0.19559575026829509,360.21412358365114,0.19784076218118429,354.84434212851346,0.195138787188088,7.7188957444624524
180,4.4408920985006252e-16,387.59821741812999,0.19323863729967999,388.73157535674642,0.19380454913093481,387.82245960542048,0.1933506060039441,383.40248901884928,0.1911436792985271,379.99205174241121,0.1894408991720378,8.975457212165491
180,0.0099999999999998007,350.79598233768598,0.19134534053771601,352.09045312199754,0.19199022506361099,351.00858056734489,0.19145125370523819,337.09186219746925,0.1845180004926138,335.71752334808184,0.18383328896035731,8.3809721877300642
180,0.020000000000000101,316.48626982841103,0.189793509963366,317.76695601111203,0.19043371576677451,316.71581654025221,0.18990826156843149,292.9373127991762,0.1780140155611494,293.63826784673944,0.1783648671890829,7.8754128439144653
180,0.030000000000000498,284.76916786518302,0.188604927038584,285.89857655844503,0.189174800033968,285.0147676924953,0.18872885776603859,251.34428057754712,0.1716989109486397,254.09646716981732,0.17309422638141631,7.4556767620918363
180,0.039999999999999702,255.68843168708901,0.187792100414928,256.58477560076074,0.18825134389606371,255.92499293496877,0.18791331254343061,212.74954431814467,0.16565989162675759,217.44314165752695,0.16809346726449731,7.1165107487536634
180,0.050000000000000398,229.22774208072801,0.187356996501161,229.83173601830055,0.1876730806535514,229.44990783231253,0.18747326969928821,177.59261871149693,0.16000528729294669,184.03393745203516,0.16345899658637811,6.8507371698823549
180,0.060000000000000199,205.313444990166,0.18729104858919399,205.65826437994352,0.18747641341893889,205.49493736364931,0.1873886182397248,146.26646437766112,0.15486104902936601,154.13443431830166,0.1592781553185523,6.6507913511132113
180,0.070000000000000395,183.82312173590299,0.18757641536911601,183.945354505084,0.1876442744930871,183.97150358749937,0.1876587906133502,119.0494115521517,0.15035979657234319,127.90677756934829,0.15563581087002931,6.506949997213038
180,0.080000000000000807,164.59797710739301,0.18818813629042599,164.53320119976698,0.18815081485698609,164.74333911735152,0.18827187864344119,96.034027561870062,0.14662162940954721,105.37967157048038,0.15260782486820029,6.4101236498524621
